{"v":"5.4.4","fr":29.9700012207031,"ip":0,"op":448.000018247414,"w":789,"h":655,"nm":"banner","ddd":0,"assets":[],"layers":[{"ddd":0,"ind":1,"ty":4,"nm":"banner Outlines","sr":1,"ks":{"o":{"a":0,"k":100,"ix":11},"r":{"a":0,"k":0,"ix":10},"p":{"a":0,"k":[394.346,327.356,0],"ix":2},"a":{"a":0,"k":[197.346,163.856,0],"ix":1},"s":{"a":0,"k":[100,100,100],"ix":6}},"ao":0,"shapes":[{"ty":"gr","it":[{"ind":0,"ty":"sh","ix":1,"ks":{"a":0,"k":{"i":[[0,9.46],[0.18,0.92],[7.06,1.31],[1.07,0],[0,-9.46],[-9.46,0]],"o":[[0,-0.97],[-1.179,-7.11],[-0.99,-0.18],[-9.46,0],[0,9.46],[9.46,0]],"v":[[17.17,0.02],[16.91,-2.83],[3.11,-16.87],[0,-17.16],[-17.17,0.01],[0,17.16]],"c":true},"ix":2},"nm":"Path 1","mn":"ADBE Vector Shape - Group","hd":false},{"ty":"fl","c":{"a":0,"k":[0.128999986836,0.481999984442,0.709999952129,1],"ix":4},"o":{"a":0,"k":100,"ix":5},"r":1,"bm":0,"nm":"Fill 1","mn":"ADBE Vector Graphic - Fill","hd":false},{"ty":"tr","p":{"a":0,"k":[278,157.86],"ix":2},"a":{"a":0,"k":[0,0],"ix":1},"s":{"a":0,"k":[100,100],"ix":3},"r":{"a":0,"k":0,"ix":6},"o":{"a":0,"k":100,"ix":7},"sk":{"a":0,"k":0,"ix":4},"sa":{"a":0,"k":0,"ix":5},"nm":"Transform"}],"nm":"Group 1","np":2,"cix":2,"bm":0,"ix":1,"mn":"ADBE Vector Group","hd":false},{"ty":"gr","it":[{"ty":"gr","it":[{"ind":0,"ty":"sh","ix":1,"ks":{"a":0,"k":{"i":[[0,0],[-0.121,-0.449],[0.16,-0.39],[1.08,-0.08]],"o":[[0.03,0.24],[0.29,1.141],[-0.109,0.25],[0,0]],"v":[[0.105,-1.985],[0.956,-0.296],[0.895,1.195],[-1.245,1.985]],"c":false},"ix":2},"nm":"Path 1","mn":"ADBE Vector Shape - Group","hd":false},{"ty":"st","c":{"a":0,"k":[0,0,0,1],"ix":3},"o":{"a":0,"k":100,"ix":4},"w":{"a":0,"k":0.5,"ix":5},"lc":2,"lj":1,"ml":10,"bm":0,"nm":"Stroke 1","mn":"ADBE Vector Graphic - Stroke","hd":false},{"ty":"tr","p":{"a":0,"k":[320.665,272.725],"ix":2},"a":{"a":0,"k":[0,0],"ix":1},"s":{"a":0,"k":[100,100],"ix":3},"r":{"a":0,"k":0,"ix":6},"o":{"a":0,"k":100,"ix":7},"sk":{"a":0,"k":0,"ix":4},"sa":{"a":0,"k":0,"ix":5},"nm":"Transform"}],"nm":"Group 2","np":2,"cix":2,"bm":0,"ix":1,"mn":"ADBE Vector Group","hd":false},{"ty":"gr","it":[{"ind":0,"ty":"sh","ix":1,"ks":{"a":0,"k":{"i":[[-0.387,0],[0,-0.386],[0.386,0],[0,0.387]],"o":[[0.386,0],[0,0.387],[-0.387,0],[0,-0.386]],"v":[[0.001,-0.699],[0.699,0],[0.001,0.7],[-0.699,0]],"c":true},"ix":2},"nm":"Path 1","mn":"ADBE Vector Shape - Group","hd":false},{"ty":"st","c":{"a":0,"k":[0,0,0,1],"ix":3},"o":{"a":0,"k":100,"ix":4},"w":{"a":0,"k":0.5,"ix":5},"lc":2,"lj":1,"ml":10,"bm":0,"nm":"Stroke 1","mn":"ADBE Vector Graphic - Stroke","hd":false},{"ty":"tr","p":{"a":0,"k":[338.69,265.39],"ix":2},"a":{"a":0,"k":[0,0],"ix":1},"s":{"a":0,"k":[100,100],"ix":3},"r":{"a":0,"k":0,"ix":6},"o":{"a":0,"k":100,"ix":7},"sk":{"a":0,"k":0,"ix":4},"sa":{"a":0,"k":0,"ix":5},"nm":"Transform"}],"nm":"Group 3","np":2,"cix":2,"bm":0,"ix":2,"mn":"ADBE Vector Group","hd":false},{"ty":"gr","it":[{"ind":0,"ty":"sh","ix":1,"ks":{"a":0,"k":{"i":[[0,0],[-5,-4.53],[0.09,-0.64]],"o":[[0.85,-0.12],[5.58,5.05],[0,0]],"v":[[-8.8,-7.805],[3.22,-4.185],[7.889,8.715]],"c":false},"ix":2},"nm":"Path 1","mn":"ADBE Vector Shape - Group","hd":false},{"ty":"st","c":{"a":0,"k":[0,0,0,1],"ix":3},"o":{"a":0,"k":100,"ix":4},"w":{"a":0,"k":0.5,"ix":5},"lc":2,"lj":1,"ml":10,"bm":0,"nm":"Stroke 1","mn":"ADBE Vector Graphic - Stroke","hd":false},{"ty":"tr","p":{"a":0,"k":[342.91,260.845],"ix":2},"a":{"a":0,"k":[0,0],"ix":1},"s":{"a":0,"k":[100,100],"ix":3},"r":{"a":0,"k":0,"ix":6},"o":{"a":0,"k":100,"ix":7},"sk":{"a":0,"k":0,"ix":4},"sa":{"a":0,"k":0,"ix":5},"nm":"Transform"}],"nm":"Group 4","np":2,"cix":2,"bm":0,"ix":3,"mn":"ADBE Vector Group","hd":false},{"ty":"gr","it":[{"ind":0,"ty":"sh","ix":1,"ks":{"a":0,"k":{"i":[[0,0],[-3.229,-2.59],[0.59,-3.1]],"o":[[0.399,-0.11],[2.401,1.93],[0,0]],"v":[[-5.505,-4.295],[1.974,-2.795],[4.915,5.385]],"c":false},"ix":2},"nm":"Path 1","mn":"ADBE Vector Shape - Group","hd":false},{"ty":"st","c":{"a":0,"k":[0,0,0,1],"ix":3},"o":{"a":0,"k":100,"ix":4},"w":{"a":0,"k":0.5,"ix":5},"lc":2,"lj":1,"ml":10,"bm":0,"nm":"Stroke 1","mn":"ADBE Vector Graphic - Stroke","hd":false},{"ty":"tr","p":{"a":0,"k":[341.205,262.205],"ix":2},"a":{"a":0,"k":[0,0],"ix":1},"s":{"a":0,"k":[100,100],"ix":3},"r":{"a":0,"k":0,"ix":6},"o":{"a":0,"k":100,"ix":7},"sk":{"a":0,"k":0,"ix":4},"sa":{"a":0,"k":0,"ix":5},"nm":"Transform"}],"nm":"Group 5","np":2,"cix":2,"bm":0,"ix":4,"mn":"ADBE Vector Group","hd":false},{"ty":"gr","it":[{"ind":0,"ty":"sh","ix":1,"ks":{"a":0,"k":{"i":[[0,0],[-1.429,-1.12],[0.019,-0.131]],"o":[[0.25,-0.05],[1.75,1.37],[0,0]],"v":[[-2.535,-2.086],[0.785,-1.306],[2.306,2.426]],"c":false},"ix":2},"nm":"Path 1","mn":"ADBE Vector Shape - Group","hd":false},{"ty":"st","c":{"a":0,"k":[0,0,0,1],"ix":3},"o":{"a":0,"k":100,"ix":4},"w":{"a":0,"k":0.5,"ix":5},"lc":2,"lj":1,"ml":10,"bm":0,"nm":"Stroke 1","mn":"ADBE Vector Graphic - Stroke","hd":false},{"ty":"tr","p":{"a":0,"k":[340.175,263.555],"ix":2},"a":{"a":0,"k":[0,0],"ix":1},"s":{"a":0,"k":[100,100],"ix":3},"r":{"a":0,"k":0,"ix":6},"o":{"a":0,"k":100,"ix":7},"sk":{"a":0,"k":0,"ix":4},"sa":{"a":0,"k":0,"ix":5},"nm":"Transform"}],"nm":"Group 6","np":2,"cix":2,"bm":0,"ix":5,"mn":"ADBE Vector Group","hd":false},{"ty":"gr","it":[{"ind":0,"ty":"sh","ix":1,"ks":{"a":0,"k":{"i":[[0,0],[0.94,-0.649],[0.291,-0.969],[-0.31,-0.471],[-1.3,-0.399],[-0.4,-0.33],[-0.189,-0.49],[0.75,-0.22],[1.571,-0.09],[0.51,-0.589],[-0.24,-0.76],[-0.78,-0.809],[-0.09,-0.25],[-0.29,0.58]],"o":[[-0.16,-0.1],[-0.35,0.24],[-0.45,1.48],[0.18,0.269],[0.609,0.19],[0.14,0.109],[0.391,1],[-0.979,0.301],[-0.939,0.049],[-0.39,0.441],[0.079,0.24],[0.55,0.571],[0.3,0.819],[0,0]],"v":[[3.185,-8.1],[0.455,-7.861],[-0.336,-6.16],[-0.695,-3.47],[1.435,-2.6],[2.805,-2],[3.504,-1.09],[2.664,1.569],[-0.586,-0.079],[-2.725,1.34],[-3.655,3.421],[-2.685,4.47],[-1.765,5.581],[-2.315,7.93]],"c":false},"ix":2},"nm":"Path 1","mn":"ADBE Vector Shape - Group","hd":false},{"ty":"st","c":{"a":0,"k":[0,0,0,1],"ix":3},"o":{"a":0,"k":100,"ix":4},"w":{"a":0,"k":0.5,"ix":5},"lc":2,"lj":1,"ml":10,"bm":0,"nm":"Stroke 1","mn":"ADBE Vector Graphic - Stroke","hd":false},{"ty":"tr","p":{"a":0,"k":[333.345,276.95],"ix":2},"a":{"a":0,"k":[0,0],"ix":1},"s":{"a":0,"k":[100,100],"ix":3},"r":{"a":0,"k":0,"ix":6},"o":{"a":0,"k":100,"ix":7},"sk":{"a":0,"k":0,"ix":4},"sa":{"a":0,"k":0,"ix":5},"nm":"Transform"}],"nm":"Group 7","np":2,"cix":2,"bm":0,"ix":6,"mn":"ADBE Vector Group","hd":false},{"ty":"gr","it":[{"ind":0,"ty":"sh","ix":1,"ks":{"a":0,"k":{"i":[[0,0],[0.21,-0.61],[0.51,-0.301],[1.71,-0.28],[0.29,-0.02],[0.22,-0.18],[-0.13,-0.621],[0.15,-0.56],[0.17,-0.58],[-0.519,-0.9],[-0.011,-0.421],[0.62,-1.02],[0.12,-0.2]],"o":[[-0.13,1.11],[-0.359,1.05],[-0.18,0.1],[-0.929,0.149],[-0.85,0.05],[-0.429,0.339],[0.229,1.1],[-0.159,0.59],[-0.191,0.65],[0.49,0.85],[0,0.32],[-0.311,0.51],[0,0]],"v":[[3.34,-8.38],[2.76,-5.27],[1.71,-3.39],[-0.18,-3.05],[-1.45,-2.86],[-2.72,-2.78],[-2.809,-0.86],[-2.37,1.03],[-3.149,2.15],[-2.42,4.39],[-1.689,5.73],[-2.439,7.27],[-3.109,8.38]],"c":false},"ix":2},"nm":"Path 1","mn":"ADBE Vector Shape - Group","hd":false},{"ty":"st","c":{"a":0,"k":[0,0,0,1],"ix":3},"o":{"a":0,"k":100,"ix":4},"w":{"a":0,"k":0.5,"ix":5},"lc":2,"lj":1,"ml":10,"bm":0,"nm":"Stroke 1","mn":"ADBE Vector Graphic - Stroke","hd":false},{"ty":"tr","p":{"a":0,"k":[325.8,273.96],"ix":2},"a":{"a":0,"k":[0,0],"ix":1},"s":{"a":0,"k":[100,100],"ix":3},"r":{"a":0,"k":0,"ix":6},"o":{"a":0,"k":100,"ix":7},"sk":{"a":0,"k":0,"ix":4},"sa":{"a":0,"k":0,"ix":5},"nm":"Transform"}],"nm":"Group 8","np":2,"cix":2,"bm":0,"ix":7,"mn":"ADBE Vector Group","hd":false},{"ty":"gr","it":[{"ind":0,"ty":"sh","ix":1,"ks":{"a":0,"k":{"i":[[3.979,-4.54],[4.31,3.78],[-3.78,4.31],[-0.69,0.22],[-2.71,-2.44]],"o":[[-3.78,4.31],[-4.31,-3.78],[1.78,-2.03],[3.34,-1.04],[3.8,3.42]],"v":[[7.701,6.525],[-6.949,7.475],[-7.899,-7.175],[-3.259,-10.215],[6.751,-8.125]],"c":true},"ix":2},"nm":"Path 1","mn":"ADBE Vector Shape - Group","hd":false},{"ty":"st","c":{"a":0,"k":[0,0,0,1],"ix":3},"o":{"a":0,"k":100,"ix":4},"w":{"a":0,"k":1,"ix":5},"lc":2,"lj":1,"ml":10,"bm":0,"nm":"Stroke 1","mn":"ADBE Vector Graphic - Stroke","hd":false},{"ty":"tr","p":{"a":0,"k":[329.38,275.725],"ix":2},"a":{"a":0,"k":[0,0],"ix":1},"s":{"a":0,"k":[100,100],"ix":3},"r":{"a":0,"k":0,"ix":6},"o":{"a":0,"k":100,"ix":7},"sk":{"a":0,"k":0,"ix":4},"sa":{"a":0,"k":0,"ix":5},"nm":"Transform"}],"nm":"Group 9","np":2,"cix":2,"bm":0,"ix":8,"mn":"ADBE Vector Group","hd":false},{"ty":"gr","it":[{"ind":0,"ty":"sh","ix":1,"ks":{"a":0,"k":{"i":[[0,0],[0,0],[0,0]],"o":[[0,0],[0,0],[0,0]],"v":[[-3.57,0.486],[-1.12,3.486],[3.57,-3.485]],"c":false},"ix":2},"nm":"Path 1","mn":"ADBE Vector Shape - Group","hd":false},{"ty":"st","c":{"a":0,"k":[0,0,0,1],"ix":3},"o":{"a":0,"k":100,"ix":4},"w":{"a":0,"k":2,"ix":5},"lc":2,"lj":1,"ml":10,"bm":0,"nm":"Stroke 1","mn":"ADBE Vector Graphic - Stroke","hd":false},{"ty":"tr","p":{"a":0,"k":[351.94,281.205],"ix":2},"a":{"a":0,"k":[0,0],"ix":1},"s":{"a":0,"k":[100,100],"ix":3},"r":{"a":0,"k":0,"ix":6},"o":{"a":0,"k":100,"ix":7},"sk":{"a":0,"k":0,"ix":4},"sa":{"a":0,"k":0,"ix":5},"nm":"Transform"}],"nm":"Group 10","np":2,"cix":2,"bm":0,"ix":9,"mn":"ADBE Vector Group","hd":false},{"ty":"gr","it":[{"ind":0,"ty":"sh","ix":1,"ks":{"a":0,"k":{"i":[[1.51,-1.26],[0,0],[0,0],[-4.869,-4.11],[-1.04,-0.43],[-1.04,0.881],[0.06,1.31],[0,0],[0,0]],"o":[[0,0],[0,0],[-0.06,1.3],[1.04,0.881],[1.04,-0.42],[4.87,-4.11],[0,0],[0,0],[-1.52,-1.25]],"v":[[-2.61,-7.12],[-4.25,-5.14],[-7.79,-7.01],[-3.18,6.47],[0,8.38],[3.18,6.47],[7.79,-7.01],[4.18,-5.22],[2.62,-7.13]],"c":true},"ix":2},"nm":"Path 1","mn":"ADBE Vector Shape - Group","hd":false},{"ty":"st","c":{"a":0,"k":[0,0,0,1],"ix":3},"o":{"a":0,"k":100,"ix":4},"w":{"a":0,"k":1,"ix":5},"lc":1,"lj":1,"ml":10,"bm":0,"nm":"Stroke 1","mn":"ADBE Vector Graphic - Stroke","hd":false},{"ty":"tr","p":{"a":0,"k":[351.53,280.8],"ix":2},"a":{"a":0,"k":[0,0],"ix":1},"s":{"a":0,"k":[100,100],"ix":3},"r":{"a":0,"k":0,"ix":6},"o":{"a":0,"k":100,"ix":7},"sk":{"a":0,"k":0,"ix":4},"sa":{"a":0,"k":0,"ix":5},"nm":"Transform"}],"nm":"Group 11","np":2,"cix":2,"bm":0,"ix":10,"mn":"ADBE Vector Group","hd":false},{"ty":"gr","it":[{"ind":0,"ty":"sh","ix":1,"ks":{"a":0,"k":{"i":[[-5.899,1.13],[-0.86,0.09],[-2.11,-0.22],[-1.19,-0.351],[-0.569,-0.17],[4.67,-15.5],[15.5,4.659],[-4.66,15.489],[-0.09,0.14],[-0.67,1.26],[-1.11,1.46],[-0.84,0.859]],"o":[[0.84,-0.16],[2.03,-0.221],[1.171,0.139],[0.571,0.05],[15.49,4.66],[-4.66,15.49],[-15.49,-4.66],[0.05,-0.15],[0.43,-1.42],[0.84,-1.67],[0.731,-0.981],[4.16,-4.29]],"v":[[-5.5,-30.699],[-2.95,-31.079],[3.22,-31.059],[6.78,-30.409],[8.46,-30.029],[28.11,6.551],[-8.46,26.171],[-28.13,-10.37],[-27.95,-10.819],[-26.26,-14.899],[-23.34,-19.609],[-20.97,-22.369]],"c":true},"ix":2},"nm":"Path 1","mn":"ADBE Vector Shape - Group","hd":false},{"ind":1,"ty":"sh","ix":2,"ks":{"a":0,"k":{"i":[[4.25,-4.011],[1.12,-1.511],[0.95,-1.9],[0.489,-1.62],[0.05,-0.17],[-17.691,-5.33],[-5.33,17.69],[17.691,5.321],[0.651,0.05],[1.329,0.17],[2.309,-0.261],[1.419,-0.339]],"o":[[-1.35,1.279],[-1.259,1.67],[-0.77,1.439],[-0.101,0.159],[-5.32,17.689],[17.689,5.32],[5.319,-17.69],[-0.66,-0.199],[-1.349,-0.41],[-2.401,-0.25],[-1.471,0.15],[-5.721,1.34]],"v":[[-22.91,-26.289],[-26.64,-22.119],[-29.97,-16.74],[-31.899,-12.079],[-32.1,-11.569],[-9.649,30.151],[32.101,7.751],[9.66,-34.01],[7.74,-34.439],[3.681,-35.189],[-3.359,-35.209],[-7.689,-34.47]],"c":true},"ix":2},"nm":"Path 2","mn":"ADBE Vector Shape - Group","hd":false},{"ty":"mm","mm":1,"nm":"Merge Paths 1","mn":"ADBE Vector Filter - Merge","hd":false},{"ty":"fl","c":{"a":0,"k":[0.144999994016,0.486000001197,0.709999952129,1],"ix":4},"o":{"a":0,"k":100,"ix":5},"r":1,"bm":0,"nm":"Fill 1","mn":"ADBE Vector Graphic - Fill","hd":false},{"ty":"tr","p":{"a":0,"k":[339.55,274.69],"ix":2},"a":{"a":0,"k":[0,0],"ix":1},"s":{"a":0,"k":[100,100],"ix":3},"r":{"a":0,"k":0,"ix":6},"o":{"a":0,"k":100,"ix":7},"sk":{"a":0,"k":0,"ix":4},"sa":{"a":0,"k":0,"ix":5},"nm":"Transform"}],"nm":"Group 12","np":4,"cix":2,"bm":0,"ix":11,"mn":"ADBE Vector Group","hd":false},{"ty":"gr","it":[{"ind":0,"ty":"sh","ix":1,"ks":{"a":0,"k":{"i":[[1.43,0],[0.52,-0.281],[0,0],[-1.01,-2.031],[0,0],[0,0],[0,0],[-5.2,1.229],[0,0],[0,0],[0,0]],"o":[[-0.6,0],[0,0],[-1.85,0.99],[0,0],[0,0],[0,0],[3.86,-3.64],[0,0],[0,0],[0,0],[-0.77,-1.34]],"v":[[-23.105,-44.115],[-24.815,-43.684],[-26.415,-42.825],[-27.885,-37.474],[6.095,40.205],[7.805,44.115],[10.905,41.185],[24.755,33.736],[28.895,32.755],[26.575,29.185],[-19.545,-41.955]],"c":true},"ix":2},"nm":"Path 1","mn":"ADBE Vector Shape - Group","hd":false},{"ind":1,"ty":"sh","ix":2,"ks":{"a":0,"k":{"i":[[-0.11,0],[-0.23,-0.439],[0,0],[4.26,-4.019],[0,0],[-0.4,0.21],[0,0]],"o":[[0.36,0],[0,0],[-5.71,1.349],[0,0],[-0.3,-0.57],[0,0],[0.1,-0.059]],"v":[[-23.105,-41.115],[-22.115,-40.405],[24.055,30.816],[8.835,39.005],[-25.185,-38.755],[-25.005,-40.175],[-23.405,-41.035]],"c":true},"ix":2},"nm":"Path 2","mn":"ADBE Vector Shape - Group","hd":false},{"ty":"mm","mm":1,"nm":"Merge Paths 1","mn":"ADBE Vector Filter - Merge","hd":false},{"ty":"fl","c":{"a":0,"k":[1,1,1,1],"ix":4},"o":{"a":0,"k":100,"ix":5},"r":1,"bm":0,"nm":"Fill 1","mn":"ADBE Vector Graphic - Fill","hd":false},{"ty":"tr","p":{"a":0,"k":[307.895,209.585],"ix":2},"a":{"a":0,"k":[0,0],"ix":1},"s":{"a":0,"k":[100,100],"ix":3},"r":{"a":0,"k":0,"ix":6},"o":{"a":0,"k":100,"ix":7},"sk":{"a":0,"k":0,"ix":4},"sa":{"a":0,"k":0,"ix":5},"nm":"Transform"}],"nm":"Group 13","np":4,"cix":2,"bm":0,"ix":12,"mn":"ADBE Vector Group","hd":false},{"ty":"gr","it":[{"ind":0,"ty":"sh","ix":1,"ks":{"a":0,"k":{"i":[[0,0],[-1.131,0.611],[0,0],[-0.35,0],[-0.5,-0.879],[0,0],[0,0],[4.051,-3.83],[0,0]],"o":[[-0.67,-1.3],[0,0],[0.3,-0.16],[0.9,0],[0,0],[0,0],[-5.46,1.29],[0,0],[0,0]],"v":[[-26.165,-37.585],[-25.345,-40.975],[-23.745,-41.835],[-22.745,-42.085],[-20.465,-40.645],[26.835,32.315],[24.765,32.806],[10.234,40.625],[8.685,42.085]],"c":true},"ix":2},"nm":"Path 1","mn":"ADBE Vector Shape - Group","hd":false},{"ty":"fl","c":{"a":0,"k":[0.144999994016,0.486000001197,0.709999952129,1],"ix":4},"o":{"a":0,"k":100,"ix":5},"r":1,"bm":0,"nm":"Fill 1","mn":"ADBE Vector Graphic - Fill","hd":false},{"ty":"tr","p":{"a":0,"k":[307.535,209.055],"ix":2},"a":{"a":0,"k":[0,0],"ix":1},"s":{"a":0,"k":[100,100],"ix":3},"r":{"a":0,"k":0,"ix":6},"o":{"a":0,"k":100,"ix":7},"sk":{"a":0,"k":0,"ix":4},"sa":{"a":0,"k":0,"ix":5},"nm":"Transform"}],"nm":"Group 14","np":2,"cix":2,"bm":0,"ix":13,"mn":"ADBE Vector Group","hd":false},{"ty":"gr","it":[{"ind":0,"ty":"sh","ix":1,"ks":{"a":0,"k":{"i":[[-0.7,-1.3],[0,0],[-1.36,0.009],[-3.89,-1.17],[-5.17,-9.611],[11.29,-13.73],[9.6,-1],[8.06,14.99],[-3.13,10.4],[-1.91,3.059],[0.57,1.171],[0,0],[1.3,0.101],[0.79,-1.049],[-2.3,-15.46],[-2.97,-5.521],[-5.11,-3.849],[-19.12,9.96],[0.8,22.149],[3.8,7.079],[6.1,4.51],[13.56,-1.08],[0.621,-1.13]],"o":[[0,0.011],[0.69,1.139],[3.95,-0.021],[10.41,3.13],[8.05,14.979],[-6.13,7.461],[-17.72,1.85],[-5.15,-9.59],[1.04,-3.44],[0.71,-1.131],[0,0],[-0.62,-1.15],[-1.31,-0.099],[-8.84,11.89],[0.7,4.67],[4,7.439],[17.82,13.441],[19.09,-9.95],[-0.29,-7.971],[-3.63,-6.761],[-11.49,-8.5],[-1.29,0.1],[-0.639,1.141]],"v":[[-6.52,-48.595],[-2.57,-42.084],[0.71,-40.284],[12.53,-38.555],[36.68,-18.794],[31.43,27.745],[6.67,41.055],[-35.12,19.745],[-38.26,-11.255],[-33.82,-21.044],[-33.61,-24.715],[-37.05,-31.695],[-40.12,-33.685],[-43.47,-32.155],[-53.6,10.256],[-48,25.836],[-33.67,43.605],[26.23,49.235],[55.88,-2.794],[49.63,-25.794],[34.76,-43.025],[-3.53,-54.365],[-6.581,-52.385]],"c":true},"ix":2},"nm":"Path 1","mn":"ADBE Vector Shape - Group","hd":false},{"ty":"fl","c":{"a":0,"k":[0.219999994016,0.722000002394,0.922000002394,1],"ix":4},"o":{"a":0,"k":100,"ix":5},"r":1,"bm":0,"nm":"Fill 1","mn":"ADBE Vector Graphic - Fill","hd":false},{"ty":"tr","p":{"a":0,"k":[338.77,272.275],"ix":2},"a":{"a":0,"k":[0,0],"ix":1},"s":{"a":0,"k":[100,100],"ix":3},"r":{"a":0,"k":0,"ix":6},"o":{"a":0,"k":100,"ix":7},"sk":{"a":0,"k":0,"ix":4},"sa":{"a":0,"k":0,"ix":5},"nm":"Transform"}],"nm":"Group 15","np":4,"cix":2,"bm":0,"ix":14,"mn":"ADBE Vector Group","hd":false},{"ty":"tr","p":{"a":0,"k":[277.345,163.86],"ix":2},"a":{"a":0,"k":[277.345,163.86],"ix":1},"s":{"a":1,"k":[{"i":{"x":[0.193,0.193],"y":[1,1]},"o":{"x":[0.659,0.659],"y":[0,0]},"t":0,"s":[4,4],"e":[100,100]},{"i":{"x":[0.193,0.193],"y":[1,1]},"o":{"x":[0.167,0.167],"y":[0,0]},"t":13,"s":[100,100],"e":[100,100]},{"i":{"x":[0.341,0.341],"y":[1,1]},"o":{"x":[0.807,0.807],"y":[0,0]},"t":406,"s":[100,100],"e":[4,4]},{"t":419.00001706622}],"ix":3},"r":{"a":0,"k":0,"ix":6},"o":{"a":0,"k":100,"ix":7},"sk":{"a":0,"k":0,"ix":4},"sa":{"a":0,"k":0,"ix":5},"nm":"Transform"}],"nm":"world group","np":14,"cix":2,"bm":0,"ix":2,"mn":"ADBE Vector Group","hd":false},{"ty":"gr","it":[{"ty":"gr","it":[{"ind":0,"ty":"sh","ix":1,"ks":{"a":0,"k":{"i":[[0,0],[0,0],[0,0]],"o":[[0,0],[0,0],[0,0]],"v":[[7.07,-3.535],[0,3.535],[-7.07,-3.535]],"c":false},"ix":2},"nm":"Path 1","mn":"ADBE Vector Shape - Group","hd":false},{"ty":"st","c":{"a":0,"k":[0,0,0,1],"ix":3},"o":{"a":0,"k":100,"ix":4},"w":{"a":0,"k":1,"ix":5},"lc":2,"lj":2,"bm":0,"nm":"Stroke 1","mn":"ADBE Vector Graphic - Stroke","hd":false},{"ty":"tr","p":{"a":0,"k":[84.7,139.075],"ix":2},"a":{"a":0,"k":[0,0],"ix":1},"s":{"a":0,"k":[100,100],"ix":3},"r":{"a":0,"k":0,"ix":6},"o":{"a":0,"k":100,"ix":7},"sk":{"a":0,"k":0,"ix":4},"sa":{"a":0,"k":0,"ix":5},"nm":"Transform"}],"nm":"Group 16","np":2,"cix":2,"bm":0,"ix":1,"mn":"ADBE Vector Group","hd":false},{"ty":"gr","it":[{"ind":0,"ty":"sh","ix":1,"ks":{"a":0,"k":{"i":[[0,0],[0,0]],"o":[[0,0],[0,0]],"v":[[74.7,173.64],[81.36,173.64]],"c":false},"ix":2},"nm":"Path 1","mn":"ADBE Vector Shape - Group","hd":false},{"ty":"st","c":{"a":0,"k":[0,0,0,1],"ix":3},"o":{"a":0,"k":100,"ix":4},"w":{"a":0,"k":1,"ix":5},"lc":2,"lj":2,"bm":0,"nm":"Stroke 1","mn":"ADBE Vector Graphic - Stroke","hd":false},{"ty":"tr","p":{"a":0,"k":[0,0],"ix":2},"a":{"a":0,"k":[0,0],"ix":1},"s":{"a":0,"k":[100,100],"ix":3},"r":{"a":0,"k":0,"ix":6},"o":{"a":0,"k":100,"ix":7},"sk":{"a":0,"k":0,"ix":4},"sa":{"a":0,"k":0,"ix":5},"nm":"Transform"}],"nm":"Group 17","np":2,"cix":2,"bm":0,"ix":2,"mn":"ADBE Vector Group","hd":false},{"ty":"gr","it":[{"ind":0,"ty":"sh","ix":1,"ks":{"a":0,"k":{"i":[[0,0],[0,0]],"o":[[0,0],[0,0]],"v":[[74.7,170.07],[77.12,170.07]],"c":false},"ix":2},"nm":"Path 1","mn":"ADBE Vector Shape - Group","hd":false},{"ty":"st","c":{"a":0,"k":[0,0,0,1],"ix":3},"o":{"a":0,"k":100,"ix":4},"w":{"a":0,"k":1,"ix":5},"lc":2,"lj":2,"bm":0,"nm":"Stroke 1","mn":"ADBE Vector Graphic - Stroke","hd":false},{"ty":"tr","p":{"a":0,"k":[0,0],"ix":2},"a":{"a":0,"k":[0,0],"ix":1},"s":{"a":0,"k":[100,100],"ix":3},"r":{"a":0,"k":0,"ix":6},"o":{"a":0,"k":100,"ix":7},"sk":{"a":0,"k":0,"ix":4},"sa":{"a":0,"k":0,"ix":5},"nm":"Transform"}],"nm":"Group 18","np":2,"cix":2,"bm":0,"ix":3,"mn":"ADBE Vector Group","hd":false},{"ty":"gr","it":[{"ind":0,"ty":"sh","ix":1,"ks":{"a":0,"k":{"i":[[-0.64,1.51],[-0.53,0.52],[0,0],[-0.01,-0.08],[0.08,-0.08],[0.07,-0.06],[0,0],[-0.01,-0.06],[0.06,-0.05],[0.17,-0.42],[-0.46,-0.86],[-0.98,-0.18],[-0.69,1.02],[-0.01,0.63],[-0.03,0.02],[-0.13,-0.06],[0,0],[0,0.05],[-0.05,0.03],[-0.17,-0.07],[0,0],[0.9,-1.02],[1.52,-0.04],[0.44,0.11],[0.74,1.47]],"o":[[0.28,-0.65],[0,0],[0.08,0.03],[0.02,0.1],[-0.07,0.06],[0,0],[0.06,0.03],[0.01,0.08],[-0.33,0.31],[-0.38,0.9],[0.47,0.86],[1.2,0.21],[0.36,-0.54],[0,-0.14],[0.04,-0.03],[0,0],[0,-0.05],[0,-0.18],[0.05,-0.03],[0,0],[-0.01,1.36],[-1.04,1.18],[-0.45,0.01],[-1.62,-0.38],[-0.73,-1.46]],"v":[[-5,-2.985],[-3.79,-4.745],[-2.75,-4.305],[-2.61,-4.135],[-2.71,-3.855],[-2.89,-3.655],[-2.1,-3.315],[-1.99,-3.185],[-2.07,-2.975],[-2.83,-1.885],[-2.7,0.885],[-0.42,2.515],[2.74,1.165],[3.3,-0.615],[3.42,-0.845],[3.69,-0.865],[4.24,-0.635],[4.25,-0.795],[4.41,-1.095],[4.76,-1.125],[5.64,-0.755],[4.27,2.835],[0.21,4.735],[-1.13,4.595],[-4.85,1.685]],"c":true},"ix":2},"nm":"Path 1","mn":"ADBE Vector Shape - Group","hd":false},{"ty":"fl","c":{"a":0,"k":[0,0,0,1],"ix":4},"o":{"a":0,"k":100,"ix":5},"r":1,"bm":0,"nm":"Fill 1","mn":"ADBE Vector Graphic - Fill","hd":false},{"ty":"tr","p":{"a":0,"k":[56.81,141.905],"ix":2},"a":{"a":0,"k":[0,0],"ix":1},"s":{"a":0,"k":[100,100],"ix":3},"r":{"a":0,"k":0,"ix":6},"o":{"a":0,"k":100,"ix":7},"sk":{"a":0,"k":0,"ix":4},"sa":{"a":0,"k":0,"ix":5},"nm":"Transform"}],"nm":"Group 19","np":2,"cix":2,"bm":0,"ix":4,"mn":"ADBE Vector Group","hd":false},{"ty":"gr","it":[{"ind":0,"ty":"sh","ix":1,"ks":{"a":0,"k":{"i":[[2.16,0],[0,-2.16],[-2.16,0],[0,2.16]],"o":[[-2.16,0],[0,2.16],[2.16,0],[0,-2.16]],"v":[[0,-3.92],[-3.92,0],[0,3.92],[3.92,0]],"c":true},"ix":2},"nm":"Path 1","mn":"ADBE Vector Shape - Group","hd":false},{"ind":1,"ty":"sh","ix":2,"ks":{"a":0,"k":{"i":[[-1.61,0],[0,-1.61],[1.61,0],[0,1.61]],"o":[[1.61,0],[0,1.61],[-1.61,0],[0,-1.61]],"v":[[0,-2.92],[2.92,0],[0,2.92],[-2.92,0]],"c":true},"ix":2},"nm":"Path 2","mn":"ADBE Vector Shape - Group","hd":false},{"ty":"mm","mm":1,"nm":"Merge Paths 1","mn":"ADBE Vector Filter - Merge","hd":false},{"ty":"fl","c":{"a":0,"k":[0,0,0,1],"ix":4},"o":{"a":0,"k":100,"ix":5},"r":1,"bm":0,"nm":"Fill 1","mn":"ADBE Vector Graphic - Fill","hd":false},{"ty":"tr","p":{"a":0,"k":[54.74,148.38],"ix":2},"a":{"a":0,"k":[0,0],"ix":1},"s":{"a":0,"k":[100,100],"ix":3},"r":{"a":0,"k":0,"ix":6},"o":{"a":0,"k":100,"ix":7},"sk":{"a":0,"k":0,"ix":4},"sa":{"a":0,"k":0,"ix":5},"nm":"Transform"}],"nm":"Group 20","np":4,"cix":2,"bm":0,"ix":5,"mn":"ADBE Vector Group","hd":false},{"ty":"gr","it":[{"ind":0,"ty":"sh","ix":1,"ks":{"a":0,"k":{"i":[[0,0],[4.63,8.64],[-0.45,1.74]],"o":[[-1.49,-0.42],[-4.18,-7.8],[0,0]],"v":[[10.495,11.64],[-6.315,4.19],[-8.355,-12.83]],"c":false},"ix":2},"nm":"Path 1","mn":"ADBE Vector Shape - Group","hd":false},{"ty":"st","c":{"a":0,"k":[0,0,0,1],"ix":3},"o":{"a":0,"k":100,"ix":4},"w":{"a":0,"k":1,"ix":5},"lc":2,"lj":2,"bm":0,"nm":"Stroke 1","mn":"ADBE Vector Graphic - Stroke","hd":false},{"ty":"tr","p":{"a":0,"k":[59.765,161.03],"ix":2},"a":{"a":0,"k":[0,0],"ix":1},"s":{"a":0,"k":[100,100],"ix":3},"r":{"a":0,"k":0,"ix":6},"o":{"a":0,"k":100,"ix":7},"sk":{"a":0,"k":0,"ix":4},"sa":{"a":0,"k":0,"ix":5},"nm":"Transform"}],"nm":"Group 21","np":2,"cix":2,"bm":0,"ix":6,"mn":"ADBE Vector Group","hd":false},{"ty":"gr","it":[{"ind":0,"ty":"sh","ix":1,"ks":{"a":0,"k":{"i":[[0,0],[2.29,4.61],[-0.3,1.85]],"o":[[-1.61,-1.04],[-2.77,-5.57],[0,0]],"v":[[5.715,8.085],[-2.945,3.995],[-4.815,-8.605]],"c":false},"ix":2},"nm":"Path 1","mn":"ADBE Vector Shape - Group","hd":false},{"ty":"st","c":{"a":0,"k":[0,0,0,1],"ix":3},"o":{"a":0,"k":100,"ix":4},"w":{"a":0,"k":1,"ix":5},"lc":2,"lj":2,"bm":0,"nm":"Stroke 1","mn":"ADBE Vector Graphic - Stroke","hd":false},{"ty":"tr","p":{"a":0,"k":[62.695,157.985],"ix":2},"a":{"a":0,"k":[0,0],"ix":1},"s":{"a":0,"k":[100,100],"ix":3},"r":{"a":0,"k":0,"ix":6},"o":{"a":0,"k":100,"ix":7},"sk":{"a":0,"k":0,"ix":4},"sa":{"a":0,"k":0,"ix":5},"nm":"Transform"}],"nm":"Group 22","np":2,"cix":2,"bm":0,"ix":7,"mn":"ADBE Vector Group","hd":false},{"ty":"gr","it":[{"ind":0,"ty":"sh","ix":1,"ks":{"a":0,"k":{"i":[[0.64,1.51],[0.53,0.52],[0,0],[0.01,-0.08],[-0.08,-0.08],[-0.07,-0.06],[0,0],[0.01,-0.06],[-0.06,-0.05],[-0.17,-0.42],[0.46,-0.86],[0.98,-0.18],[0.69,1.02],[0.01,0.63],[0.03,0.02],[0.13,-0.06],[0,0],[0,0.05],[0.05,0.03],[0.17,-0.07],[0,0],[-0.9,-1.02],[-1.52,-0.04],[-0.44,0.11],[-0.74,1.47]],"o":[[-0.28,-0.65],[0,0],[-0.08,0.03],[-0.02,0.1],[0.07,0.06],[0,0],[-0.06,0.03],[-0.01,0.08],[0.33,0.31],[0.38,0.9],[-0.47,0.86],[-1.2,0.21],[-0.36,-0.54],[0,-0.14],[-0.04,-0.03],[0,0],[0,-0.05],[0,-0.18],[-0.05,-0.03],[0,0],[0.01,1.36],[1.04,1.18],[0.45,0.01],[1.62,-0.38],[0.73,-1.46]],"v":[[5,-2.985],[3.79,-4.745],[2.75,-4.305],[2.61,-4.135],[2.71,-3.855],[2.89,-3.655],[2.1,-3.315],[1.99,-3.185],[2.07,-2.975],[2.83,-1.885],[2.7,0.885],[0.42,2.515],[-2.74,1.165],[-3.3,-0.615],[-3.42,-0.845],[-3.69,-0.865],[-4.24,-0.635],[-4.25,-0.795],[-4.41,-1.095],[-4.76,-1.125],[-5.64,-0.755],[-4.27,2.835],[-0.21,4.735],[1.13,4.595],[4.85,1.685]],"c":true},"ix":2},"nm":"Path 1","mn":"ADBE Vector Shape - Group","hd":false},{"ty":"fl","c":{"a":0,"k":[0,0,0,1],"ix":4},"o":{"a":0,"k":100,"ix":5},"r":1,"bm":0,"nm":"Fill 1","mn":"ADBE Vector Graphic - Fill","hd":false},{"ty":"tr","p":{"a":0,"k":[112.62,141.905],"ix":2},"a":{"a":0,"k":[0,0],"ix":1},"s":{"a":0,"k":[100,100],"ix":3},"r":{"a":0,"k":0,"ix":6},"o":{"a":0,"k":100,"ix":7},"sk":{"a":0,"k":0,"ix":4},"sa":{"a":0,"k":0,"ix":5},"nm":"Transform"}],"nm":"Group 23","np":2,"cix":2,"bm":0,"ix":8,"mn":"ADBE Vector Group","hd":false},{"ty":"gr","it":[{"ind":0,"ty":"sh","ix":1,"ks":{"a":0,"k":{"i":[[2.16,0],[0,-2.16],[-2.16,0],[0,2.16]],"o":[[-2.16,0],[0,2.16],[2.16,0],[0,-2.16]],"v":[[0,-3.92],[-3.92,0],[0,3.92],[3.92,0]],"c":true},"ix":2},"nm":"Path 1","mn":"ADBE Vector Shape - Group","hd":false},{"ind":1,"ty":"sh","ix":2,"ks":{"a":0,"k":{"i":[[-1.61,0],[0,-1.61],[1.61,0],[0,1.61]],"o":[[1.61,0],[0,1.61],[-1.61,0],[0,-1.61]],"v":[[0,-2.92],[2.92,0],[0,2.92],[-2.92,0]],"c":true},"ix":2},"nm":"Path 2","mn":"ADBE Vector Shape - Group","hd":false},{"ty":"mm","mm":1,"nm":"Merge Paths 1","mn":"ADBE Vector Filter - Merge","hd":false},{"ty":"fl","c":{"a":0,"k":[0,0,0,1],"ix":4},"o":{"a":0,"k":100,"ix":5},"r":1,"bm":0,"nm":"Fill 1","mn":"ADBE Vector Graphic - Fill","hd":false},{"ty":"tr","p":{"a":0,"k":[114.69,148.38],"ix":2},"a":{"a":0,"k":[0,0],"ix":1},"s":{"a":0,"k":[100,100],"ix":3},"r":{"a":0,"k":0,"ix":6},"o":{"a":0,"k":100,"ix":7},"sk":{"a":0,"k":0,"ix":4},"sa":{"a":0,"k":0,"ix":5},"nm":"Transform"}],"nm":"Group 24","np":4,"cix":2,"bm":0,"ix":9,"mn":"ADBE Vector Group","hd":false},{"ty":"gr","it":[{"ind":0,"ty":"sh","ix":1,"ks":{"a":0,"k":{"i":[[0,0],[-4.63,8.64],[0.45,1.74]],"o":[[1.49,-0.42],[4.18,-7.8],[0,0]],"v":[[-10.495,11.64],[6.315,4.19],[8.355,-12.83]],"c":false},"ix":2},"nm":"Path 1","mn":"ADBE Vector Shape - Group","hd":false},{"ty":"st","c":{"a":0,"k":[0,0,0,1],"ix":3},"o":{"a":0,"k":100,"ix":4},"w":{"a":0,"k":1,"ix":5},"lc":2,"lj":2,"bm":0,"nm":"Stroke 1","mn":"ADBE Vector Graphic - Stroke","hd":false},{"ty":"tr","p":{"a":0,"k":[109.665,161.03],"ix":2},"a":{"a":0,"k":[0,0],"ix":1},"s":{"a":0,"k":[100,100],"ix":3},"r":{"a":0,"k":0,"ix":6},"o":{"a":0,"k":100,"ix":7},"sk":{"a":0,"k":0,"ix":4},"sa":{"a":0,"k":0,"ix":5},"nm":"Transform"}],"nm":"Group 25","np":2,"cix":2,"bm":0,"ix":10,"mn":"ADBE Vector Group","hd":false},{"ty":"gr","it":[{"ind":0,"ty":"sh","ix":1,"ks":{"a":0,"k":{"i":[[0,0],[-2.29,4.61],[0.3,1.85]],"o":[[1.61,-1.04],[2.77,-5.57],[0,0]],"v":[[-5.715,8.085],[2.945,3.995],[4.815,-8.605]],"c":false},"ix":2},"nm":"Path 1","mn":"ADBE Vector Shape - Group","hd":false},{"ty":"st","c":{"a":0,"k":[0,0,0,1],"ix":3},"o":{"a":0,"k":100,"ix":4},"w":{"a":0,"k":1,"ix":5},"lc":2,"lj":2,"bm":0,"nm":"Stroke 1","mn":"ADBE Vector Graphic - Stroke","hd":false},{"ty":"tr","p":{"a":0,"k":[106.735,157.985],"ix":2},"a":{"a":0,"k":[0,0],"ix":1},"s":{"a":0,"k":[100,100],"ix":3},"r":{"a":0,"k":0,"ix":6},"o":{"a":0,"k":100,"ix":7},"sk":{"a":0,"k":0,"ix":4},"sa":{"a":0,"k":0,"ix":5},"nm":"Transform"}],"nm":"Group 26","np":2,"cix":2,"bm":0,"ix":11,"mn":"ADBE Vector Group","hd":false},{"ty":"gr","it":[{"ind":0,"ty":"sh","ix":1,"ks":{"a":0,"k":{"i":[[0,0],[0,0],[0,0],[0,0]],"o":[[0,0],[0,0],[0,0],[0,0]],"v":[[11.39,10],[-11.39,10],[-17,-10],[17,-10]],"c":true},"ix":2},"nm":"Path 1","mn":"ADBE Vector Shape - Group","hd":false},{"ty":"st","c":{"a":0,"k":[0,0,0,1],"ix":3},"o":{"a":0,"k":100,"ix":4},"w":{"a":0,"k":1,"ix":5},"lc":2,"lj":2,"bm":0,"nm":"Stroke 1","mn":"ADBE Vector Graphic - Stroke","hd":false},{"ty":"tr","p":{"a":0,"k":[84.7,173.64],"ix":2},"a":{"a":0,"k":[0,0],"ix":1},"s":{"a":0,"k":[100,100],"ix":3},"r":{"a":0,"k":0,"ix":6},"o":{"a":0,"k":100,"ix":7},"sk":{"a":0,"k":0,"ix":4},"sa":{"a":0,"k":0,"ix":5},"nm":"Transform"}],"nm":"Group 27","np":2,"cix":2,"bm":0,"ix":12,"mn":"ADBE Vector Group","hd":false},{"ty":"gr","it":[{"ind":0,"ty":"sh","ix":1,"ks":{"a":0,"k":{"i":[[0,0],[0,0]],"o":[[0,0],[0,0]],"v":[[79.7,153.64],[89.7,153.64]],"c":false},"ix":2},"nm":"Path 1","mn":"ADBE Vector Shape - Group","hd":false},{"ty":"st","c":{"a":0,"k":[0,0,0,1],"ix":3},"o":{"a":0,"k":100,"ix":4},"w":{"a":0,"k":1,"ix":5},"lc":2,"lj":2,"bm":0,"nm":"Stroke 1","mn":"ADBE Vector Graphic - Stroke","hd":false},{"ty":"tr","p":{"a":0,"k":[0,0],"ix":2},"a":{"a":0,"k":[0,0],"ix":1},"s":{"a":0,"k":[100,100],"ix":3},"r":{"a":0,"k":0,"ix":6},"o":{"a":0,"k":100,"ix":7},"sk":{"a":0,"k":0,"ix":4},"sa":{"a":0,"k":0,"ix":5},"nm":"Transform"}],"nm":"Group 28","np":2,"cix":2,"bm":0,"ix":13,"mn":"ADBE Vector Group","hd":false},{"ty":"gr","it":[{"ind":0,"ty":"sh","ix":1,"ks":{"a":0,"k":{"i":[[0,0],[0,0]],"o":[[0,0],[0,0]],"v":[[90.7,145.94],[90.7,148.01]],"c":false},"ix":2},"nm":"Path 1","mn":"ADBE Vector Shape - Group","hd":false},{"ty":"st","c":{"a":0,"k":[0,0,0,1],"ix":3},"o":{"a":0,"k":100,"ix":4},"w":{"a":0,"k":1,"ix":5},"lc":2,"lj":2,"bm":0,"nm":"Stroke 1","mn":"ADBE Vector Graphic - Stroke","hd":false},{"ty":"tr","p":{"a":0,"k":[0,0],"ix":2},"a":{"a":0,"k":[0,0],"ix":1},"s":{"a":0,"k":[100,100],"ix":3},"r":{"a":0,"k":0,"ix":6},"o":{"a":0,"k":100,"ix":7},"sk":{"a":0,"k":0,"ix":4},"sa":{"a":0,"k":0,"ix":5},"nm":"Transform"}],"nm":"Group 29","np":2,"cix":2,"bm":0,"ix":14,"mn":"ADBE Vector Group","hd":false},{"ty":"gr","it":[{"ind":0,"ty":"sh","ix":1,"ks":{"a":0,"k":{"i":[[0,0],[0,0]],"o":[[0,0],[0,0]],"v":[[78.7,145.94],[78.7,148.01]],"c":false},"ix":2},"nm":"Path 1","mn":"ADBE Vector Shape - Group","hd":false},{"ty":"st","c":{"a":0,"k":[0,0,0,1],"ix":3},"o":{"a":0,"k":100,"ix":4},"w":{"a":0,"k":1,"ix":5},"lc":2,"lj":2,"bm":0,"nm":"Stroke 1","mn":"ADBE Vector Graphic - Stroke","hd":false},{"ty":"tr","p":{"a":0,"k":[0,0],"ix":2},"a":{"a":0,"k":[0,0],"ix":1},"s":{"a":0,"k":[100,100],"ix":3},"r":{"a":0,"k":0,"ix":6},"o":{"a":0,"k":100,"ix":7},"sk":{"a":0,"k":0,"ix":4},"sa":{"a":0,"k":0,"ix":5},"nm":"Transform"}],"nm":"Group 30","np":2,"cix":2,"bm":0,"ix":15,"mn":"ADBE Vector Group","hd":false},{"ty":"gr","it":[{"ind":0,"ty":"sh","ix":1,"ks":{"a":0,"k":{"i":[[0,0],[0,0],[0,0],[0,0]],"o":[[0,0],[0,0],[0,0],[0,0]],"v":[[-4,-2.5],[4,-2.5],[4,2.5],[-4,2.5]],"c":true},"ix":2},"nm":"Path 1","mn":"ADBE Vector Shape - Group","hd":false},{"ty":"st","c":{"a":0,"k":[0,0,0,1],"ix":3},"o":{"a":0,"k":100,"ix":4},"w":{"a":0,"k":1,"ix":5},"lc":2,"lj":2,"bm":0,"nm":"Stroke 1","mn":"ADBE Vector Graphic - Stroke","hd":false},{"ty":"tr","p":{"a":0,"k":[84.7,161.14],"ix":2},"a":{"a":0,"k":[0,0],"ix":1},"s":{"a":0,"k":[100,100],"ix":3},"r":{"a":0,"k":0,"ix":6},"o":{"a":0,"k":100,"ix":7},"sk":{"a":0,"k":0,"ix":4},"sa":{"a":0,"k":0,"ix":5},"nm":"Transform"}],"nm":"Group 31","np":2,"cix":2,"bm":0,"ix":16,"mn":"ADBE Vector Group","hd":false},{"ty":"gr","it":[{"ind":0,"ty":"sh","ix":1,"ks":{"a":0,"k":{"i":[[1.34,0],[0,0],[0,1.34],[0,0],[-1.34,0],[0,0],[0,-1.34],[0,0]],"o":[[0,0],[-1.33,0],[0,0],[0,-1.33],[0,0],[1.33,0],[0,0],[0,1.34]],"v":[[10.585,9.005],[-10.585,9.005],[-13.005,6.585],[-13.005,-6.585],[-10.585,-9.005],[10.585,-9.005],[13.005,-6.585],[13.005,6.585]],"c":true},"ix":2},"nm":"Path 1","mn":"ADBE Vector Shape - Group","hd":false},{"ty":"st","c":{"a":0,"k":[0,0,0,1],"ix":3},"o":{"a":0,"k":100,"ix":4},"w":{"a":0,"k":1,"ix":5},"lc":2,"lj":2,"bm":0,"nm":"Stroke 1","mn":"ADBE Vector Graphic - Stroke","hd":false},{"ty":"tr","p":{"a":0,"k":[84.695,149.635],"ix":2},"a":{"a":0,"k":[0,0],"ix":1},"s":{"a":0,"k":[100,100],"ix":3},"r":{"a":0,"k":0,"ix":6},"o":{"a":0,"k":100,"ix":7},"sk":{"a":0,"k":0,"ix":4},"sa":{"a":0,"k":0,"ix":5},"nm":"Transform"}],"nm":"Group 32","np":2,"cix":2,"bm":0,"ix":17,"mn":"ADBE Vector Group","hd":false},{"ty":"gr","it":[{"ind":0,"ty":"sh","ix":1,"ks":{"a":0,"k":{"i":[[2.77,-8.82],[0.51,-1.22],[1.82,-2.689],[1.35,-1.35],[0.65,-0.65],[17.62,17.62],[-17.61,17.62],[-17.62,-17.62],[-0.13,-0.22],[-1.22,-1.82],[-1.17,-2.57],[-0.57,-1.77]],"o":[[-0.4,1.26],[-1.17,2.911],[-1.04,1.481],[-0.48,0.74],[-17.62,17.62],[-17.62,-17.619],[17.62,-17.62],[0.17,0.17],[1.61,1.61],[1.65,2.35],[0.79,1.71],[2.79,8.77]],"v":[[45.31,13.535],[43.97,17.265],[39.45,25.615],[35.97,29.965],[34.23,31.965],[-29.72,31.965],[-29.68,-31.935],[34.22,-31.975],[34.7,-31.405],[39.01,-26.145],[43.27,-18.745],[45.29,-13.515]],"c":true},"ix":2},"nm":"Path 1","mn":"ADBE Vector Shape - Group","hd":false},{"ind":1,"ty":"sh","ix":2,"ks":{"a":0,"k":{"i":[[2.35,8.69],[1.22,2.63],[1.89,2.68],[1.84,1.84],[0.2,0.2],[20.12,-20.11],[-20.11,-20.119],[-20.12,20.11],[-0.55,0.84],[-1.19,1.69],[-1.34,3.33],[-0.58,2.169]],"o":[[-0.75,-2.76],[-1.34,-2.93],[-1.39,-2.09],[-0.15,-0.25],[-20.11,-20.11],[-20.11,20.11],[20.11,20.11],[0.75,-0.75],[1.54,-1.54],[2.09,-3.079],[0.87,-2.1],[2.35,-8.721]],"v":[[52.02,-13.295],[49.09,-21.405],[44.22,-29.845],[39.3,-35.855],[38.75,-36.505],[-34.21,-36.455],[-34.26,36.505],[38.75,36.505],[40.74,34.225],[44.71,29.255],[49.87,19.715],[52.02,13.306]],"c":true},"ix":2},"nm":"Path 2","mn":"ADBE Vector Shape - Group","hd":false},{"ty":"mm","mm":1,"nm":"Merge Paths 1","mn":"ADBE Vector Filter - Merge","hd":false},{"ty":"fl","c":{"a":0,"k":[0.144999994016,0.486000001197,0.709999952129,1],"ix":4},"o":{"a":0,"k":100,"ix":5},"r":1,"bm":0,"nm":"Fill 1","mn":"ADBE Vector Graphic - Fill","hd":false},{"ty":"tr","p":{"a":0,"k":[82.41,157.305],"ix":2},"a":{"a":0,"k":[0,0],"ix":1},"s":{"a":0,"k":[100,100],"ix":3},"r":{"a":0,"k":0,"ix":6},"o":{"a":0,"k":100,"ix":7},"sk":{"a":0,"k":0,"ix":4},"sa":{"a":0,"k":0,"ix":5},"nm":"Transform"}],"nm":"Group 33","np":4,"cix":2,"bm":0,"ix":18,"mn":"ADBE Vector Group","hd":false},{"ty":"gr","it":[{"ind":0,"ty":"sh","ix":1,"ks":{"a":0,"k":{"i":[[0,0],[0,0],[2.2,-8.22],[0,0],[0,0],[0,0],[0,2.1],[0,0],[2.25,0.08],[0,0]],"o":[[0,0],[2.2,8.16],[0,0],[0,0],[0,0],[2.26,-0.08],[0,0],[0,-2.1],[0,0],[0,0]],"v":[[-68.86,-16.676],[-67.74,-12.516],[-67.73,12.535],[-68.84,16.676],[-64.57,16.294],[64.85,4.865],[68.86,1.035],[68.86,-0.775],[64.86,-4.605],[-64.57,-16.296]],"c":true},"ix":2},"nm":"Path 1","mn":"ADBE Vector Shape - Group","hd":false},{"ind":1,"ty":"sh","ix":2,"ks":{"a":0,"k":{"i":[[2.35,8.69],[0,0],[0,-0.45],[0,0],[0.64,0],[0,0]],"o":[[0,0],[0.64,0],[0,0],[0,0.45],[0,0],[2.34,-8.73]],"v":[[-64.85,-13.296],[64.68,-1.596],[65.85,-0.766],[65.85,1.044],[64.68,1.874],[-64.84,13.314]],"c":true},"ix":2},"nm":"Path 2","mn":"ADBE Vector Shape - Group","hd":false},{"ty":"mm","mm":1,"nm":"Merge Paths 1","mn":"ADBE Vector Filter - Merge","hd":false},{"ty":"fl","c":{"a":0,"k":[1,1,1,1],"ix":4},"o":{"a":0,"k":100,"ix":5},"r":1,"bm":0,"nm":"Fill 1","mn":"ADBE Vector Graphic - Fill","hd":false},{"ty":"tr","p":{"a":0,"k":[197.74,157.305],"ix":2},"a":{"a":0,"k":[0,0],"ix":1},"s":{"a":0,"k":[100,100],"ix":3},"r":{"a":0,"k":0,"ix":6},"o":{"a":0,"k":100,"ix":7},"sk":{"a":0,"k":0,"ix":4},"sa":{"a":0,"k":0,"ix":5},"nm":"Transform"}],"nm":"Group 34","np":4,"cix":2,"bm":0,"ix":19,"mn":"ADBE Vector Group","hd":false},{"ty":"gr","it":[{"ind":0,"ty":"sh","ix":1,"ks":{"a":0,"k":{"i":[[0,0],[2.27,8.42],[0,0],[0,0],[0,-1.281],[0,0],[1.46,-0.031],[0,0]],"o":[[2.26,-8.48],[0,0],[0,0],[1.46,0.031],[0,0],[0,1.279],[0,0],[0,0]],"v":[[-66.535,12.921],[-66.545,-12.91],[-67.105,-14.99],[64.515,-3.1],[67.105,-0.769],[67.105,1.041],[64.515,3.371],[-67.095,14.99]],"c":true},"ix":2},"nm":"Path 1","mn":"ADBE Vector Shape - Group","hd":false},{"ty":"fl","c":{"a":0,"k":[0.144999994016,0.486000001197,0.709999952129,1],"ix":4},"o":{"a":0,"k":100,"ix":5},"r":1,"bm":0,"nm":"Fill 1","mn":"ADBE Vector Graphic - Fill","hd":false},{"ty":"tr","p":{"a":0,"k":[197.995,157.31],"ix":2},"a":{"a":0,"k":[0,0],"ix":1},"s":{"a":0,"k":[100,100],"ix":3},"r":{"a":0,"k":0,"ix":6},"o":{"a":0,"k":100,"ix":7},"sk":{"a":0,"k":0,"ix":4},"sa":{"a":0,"k":0,"ix":5},"nm":"Transform"}],"nm":"Group 35","np":2,"cix":2,"bm":0,"ix":20,"mn":"ADBE Vector Group","hd":false},{"ty":"gr","it":[{"ind":0,"ty":"sh","ix":1,"ks":{"a":0,"k":{"i":[[2.27,0],[0,0],[0.98,-1.849],[4.43,-4.441],[16.8,0],[10.39,25.32],[-5.65,13.76],[-26.21,0],[-11.83,-11.82],[-2.76,-4.81],[-2.01,-0.08],[0,0],[-1.09,1.7],[0.86,1.83],[22.65,8.14],[9.65,0],[8.95,-4.13],[0.42,-33.21],[-30.63,-15.06],[-12.37,0],[-10.56,4.989],[-8.42,19.191],[1.09,1.67]],"o":[[-0.01,0],[-2.05,0.11],[-2.85,5.371],[-11.84,11.83],[-26.19,0],[-5.65,-13.76],[10.41,-25.38],[16.77,0],[3.91,3.91],[1.01,1.78],[0,0],[2.01,0],[1.08,-1.71],[-9.69,-20.65],[-6.85,-2.46],[-13.01,0],[-31.22,14.38],[-0.42,33.139],[11.03,5.42],[11.82,0],[19.91,-9.39],[0.8,-1.83],[-1.1,-1.659]],"v":[[75.06,25.515],[63.35,26.115],[58.52,29.244],[47.55,44.025],[3.14,62.374],[-56.16,21.325],[-56.16,-21.965],[3.21,-63.115],[47.56,-44.785],[57.61,-31.635],[62.44,-28.675],[74.42,-28.255],[79.36,-30.975],[79.72,-36.635],[29.57,-81.285],[4.35,-85.045],[-30.2,-78.555],[-81.5,-1.395],[-32.53,76.755],[3.22,85.045],[37.43,77.425],[80.73,33.744],[80.26,28.164]],"c":true},"ix":2},"nm":"Path 1","mn":"ADBE Vector Shape - Group","hd":false},{"ty":"fl","c":{"a":0,"k":[0.219999994016,0.722000002394,0.922000002394,1],"ix":4},"o":{"a":0,"k":100,"ix":5},"r":1,"bm":0,"nm":"Fill 1","mn":"ADBE Vector Graphic - Fill","hd":false},{"ty":"tr","p":{"a":0,"k":[81.53,157.685],"ix":2},"a":{"a":0,"k":[0,0],"ix":1},"s":{"a":0,"k":[100,100],"ix":3},"r":{"a":0,"k":0,"ix":6},"o":{"a":0,"k":100,"ix":7},"sk":{"a":0,"k":0,"ix":4},"sa":{"a":0,"k":0,"ix":5},"nm":"Transform"}],"nm":"Group 36","np":4,"cix":2,"bm":0,"ix":21,"mn":"ADBE Vector Group","hd":false},{"ty":"tr","p":{"a":0,"k":[268.335,155.86],"ix":2},"a":{"a":0,"k":[269.335,155.86],"ix":1},"s":{"a":1,"k":[{"i":{"x":[0.341,0.341],"y":[1,1]},"o":{"x":[0.606,0.606],"y":[0,0]},"t":47,"s":[0,0],"e":[100,100]},{"i":{"x":[0.341,0.341],"y":[1,1]},"o":{"x":[0.333,0.333],"y":[0,0]},"t":61,"s":[100,100],"e":[100,100]},{"i":{"x":[0.394,0.394],"y":[1,1]},"o":{"x":[0.659,0.659],"y":[0,0]},"t":398,"s":[100,100],"e":[0,0]},{"t":412.000016781104}],"ix":3},"r":{"a":0,"k":0,"ix":6},"o":{"a":0,"k":100,"ix":7},"sk":{"a":0,"k":0,"ix":4},"sa":{"a":0,"k":0,"ix":5},"nm":"Transform"}],"nm":"robot group","np":21,"cix":2,"bm":0,"ix":3,"mn":"ADBE Vector Group","hd":false},{"ty":"gr","it":[{"ty":"gr","it":[{"ind":0,"ty":"sh","ix":1,"ks":{"a":0,"k":{"i":[[0.46,-0.19],[0,0],[0.2,-0.48]],"o":[[0,0],[0.199,0.44],[-0.19,0.46]],"v":[[-0.665,5.12],[0.325,2.67],[0.345,4.11]],"c":true},"ix":2},"nm":"Path 1","mn":"ADBE Vector Shape - Group","hd":false},{"ind":1,"ty":"sh","ix":2,"ks":{"a":0,"k":{"i":[[0,0],[-0.2,0.48],[-0.46,0.18]],"o":[[-0.2,-0.44],[0.19,-0.47],[0,0]],"v":[[-0.335,-2.65],[-0.355,-4.09],[0.665,-5.1]],"c":true},"ix":2},"nm":"Path 2","mn":"ADBE Vector Shape - Group","hd":false},{"ind":2,"ty":"sh","ix":3,"ks":{"a":0,"k":{"i":[[0.17,0],[0,0],[0.2,-0.49],[0,0],[0.26,0],[0.84,-2.07],[-2,-1.45],[0,0],[-0.2,0.48],[0.19,0.44],[0.44,0.18],[0.23,0],[0.281,-0.69],[-2,-1.44],[0,0],[-0.67,-0.27],[-0.17,0],[-0.2,0.49],[0,0],[-0.26,0],[-0.84,2.07],[2,1.44],[0,0],[0.2,-0.48],[-0.19,-0.44],[-0.44,-0.18],[-0.23,0],[-0.28,0.69],[2,1.44],[0,0],[0.67,0.27]],"o":[[0,0],[-0.53,0],[0,0],[-0.26,-0.04],[-2.24,0],[-0.95,2.36],[0,0],[-0.2,-0.44],[0.18,-0.45],[-0.19,-0.44],[-0.22,-0.09],[-0.74,0],[-0.949,2.36],[0,0],[-0.27,0.66],[0.16,0.06],[0.529,0],[0,0],[0.26,0.04],[2.24,0],[0.95,-2.36],[0,0],[0.2,0.44],[-0.18,0.45],[0.19,0.44],[0.219,0.09],[0.74,0],[0.95,-2.36],[0,0],[0.269,-0.66],[-0.16,-0.07]],"v":[[3.545,-10.07],[3.545,-10.07],[2.335,-9.26],[2.145,-8.79],[1.365,-8.85],[-3.705,-5.44],[-1.835,1.04],[-3.085,4.14],[-3.105,2.7],[-3.115,1.32],[-4.095,0.35],[-4.765,0.22],[-6.436,1.35],[-4.565,7.82],[-4.755,8.29],[-4.035,9.98],[-3.545,10.07],[-2.335,9.26],[-2.145,8.79],[-1.365,8.85],[3.705,5.44],[1.835,-1.03],[3.085,-4.13],[3.105,-2.69],[3.115,-1.31],[4.095,-0.34],[4.765,-0.21],[6.435,-1.34],[4.564,-7.81],[4.755,-8.28],[4.035,-9.97]],"c":true},"ix":2},"nm":"Path 3","mn":"ADBE Vector Shape - Group","hd":false},{"ind":3,"ty":"sh","ix":4,"ks":{"a":0,"k":{"i":[[-0.27,0],[-0.45,1.11],[1.27,0.67],[0,0]],"o":[[1.13,0],[0.55,-1.37],[0,0],[0.25,0.08]],"v":[[-1.365,6.25],[1.285,4.47],[-0.025,0.89],[-2.145,6.14]],"c":true},"ix":2},"nm":"Path 4","mn":"ADBE Vector Shape - Group","hd":false},{"ind":4,"ty":"sh","ix":5,"ks":{"a":0,"k":{"i":[[-1.269,-0.68],[0,0],[0.26,0],[0.45,-1.11]],"o":[[0,0],[-0.26,-0.07],[-1.13,0],[-0.54,1.36]],"v":[[0.024,-0.87],[2.145,-6.12],[1.355,-6.23],[-1.295,-4.45]],"c":true},"ix":2},"nm":"Path 5","mn":"ADBE Vector Shape - Group","hd":false},{"ind":5,"ty":"sh","ix":6,"ks":{"a":0,"k":{"i":[[-0.12,0],[-0.03,-0.01],[0.06,-0.15],[0,0],[0.89,-2.18],[0.31,0],[0.099,0.04],[-0.169,0.41],[1.27,0.67],[0,0],[0.89,-2.18],[1.77,0],[0.46,0.15],[0,0],[0.119,0],[0.03,0.01],[-0.06,0.15],[0,0],[-0.89,2.18],[-0.31,0],[-0.099,-0.04],[0.17,-0.41],[-1.269,-0.67],[0,0],[-0.89,2.18],[-1.77,0],[-0.46,-0.15],[0,0]],"o":[[0.04,0],[0.15,0.06],[0,0],[2.091,1.01],[-0.13,0.31],[-0.1,0],[-0.41,-0.17],[0.551,-1.37],[0,0],[2.09,1.01],[-0.701,1.73],[-0.46,0],[0,0],[-0.05,0.12],[-0.04,0],[-0.15,-0.06],[0,0],[-2.09,-1.01],[0.13,-0.31],[0.1,0],[0.411,0.17],[-0.55,1.37],[0,0],[-2.09,-1.01],[0.7,-1.73],[0.46,0],[0,0],[0.049,-0.12]],"v":[[3.545,-9.07],[3.655,-9.05],[3.825,-8.66],[3.314,-7.4],[5.505,-1.72],[4.765,-1.22],[4.465,-1.28],[4.024,-2.32],[2.715,-5.9],[0.575,-0.61],[2.765,5.07],[-1.375,7.86],[-2.765,7.64],[-3.275,8.9],[-3.555,9.09],[-3.665,9.07],[-3.835,8.68],[-3.325,7.42],[-5.515,1.74],[-4.775,1.24],[-4.476,1.3],[-4.035,2.34],[-2.726,5.92],[-0.585,0.63],[-2.775,-5.05],[1.365,-7.84],[2.755,-7.62],[3.265,-8.88]],"c":true},"ix":2},"nm":"Path 6","mn":"ADBE Vector Shape - Group","hd":false},{"ty":"mm","mm":1,"nm":"Merge Paths 1","mn":"ADBE Vector Filter - Merge","hd":false},{"ty":"fl","c":{"a":0,"k":[1,1,1,1],"ix":4},"o":{"a":0,"k":100,"ix":5},"r":1,"bm":0,"nm":"Fill 1","mn":"ADBE Vector Graphic - Fill","hd":false},{"ty":"tr","p":{"a":0,"k":[313.995,61.47],"ix":2},"a":{"a":0,"k":[0,0],"ix":1},"s":{"a":0,"k":[100,100],"ix":3},"r":{"a":0,"k":0,"ix":6},"o":{"a":0,"k":100,"ix":7},"sk":{"a":0,"k":0,"ix":4},"sa":{"a":0,"k":0,"ix":5},"nm":"Transform"}],"nm":"Group 37","np":8,"cix":2,"bm":0,"ix":1,"mn":"ADBE Vector Group","hd":false},{"ty":"gr","it":[{"ind":0,"ty":"sh","ix":1,"ks":{"a":0,"k":{"i":[[0.029,0],[0.361,-0.89],[-0.729,-0.65],[0,0]],"o":[[-0.971,0],[-0.38,0.94],[0,0],[-0.03,0.01]],"v":[[1.376,-5.745],[-0.806,-4.285],[-0.185,-1.655],[1.466,-5.745]],"c":true},"ix":2},"nm":"Path 1","mn":"ADBE Vector Shape - Group","hd":false},{"ind":1,"ty":"sh","ix":2,"ks":{"a":0,"k":{"i":[[0,0],[-0.359,0.89],[0.73,0.65],[0,0]],"o":[[0.969,0],[0.381,-0.94],[0,0],[0,0]],"v":[[-1.354,5.745],[0.824,4.285],[0.206,1.655],[-1.444,5.745]],"c":true},"ix":2},"nm":"Path 2","mn":"ADBE Vector Shape - Group","hd":false},{"ind":2,"ty":"sh","ix":3,"ks":{"a":0,"k":{"i":[[0.329,0],[0.101,0.04],[0.09,0.2],[-0.08,0.2],[0,0],[-0.91,2.27],[-0.54,0],[-0.161,-0.07],[0.271,-0.66],[-0.729,-0.65],[0,0],[-0.91,2.27],[-2.03,0],[-0.361,-0.08],[0,0],[-0.33,0],[-0.09,-0.04],[-0.09,-0.2],[0.08,-0.2],[0,0],[0.91,-2.27],[0.54,0],[0.161,0.06],[-0.271,0.66],[0.73,0.65],[0,0],[0.91,-2.27],[2.029,0],[0.361,0.08],[0,0]],"o":[[-0.101,0],[-0.199,-0.08],[-0.08,-0.2],[0,0],[-2.05,-1.25],[0.201,-0.49],[0.17,0],[0.66,0.27],[-0.38,0.94],[0,0],[-2.05,-1.25],[0.76,-1.88],[0.37,0],[0,0],[0.12,-0.3],[0.1,0],[0.2,0.08],[0.08,0.2],[0,0],[2.05,1.25],[-0.201,0.49],[-0.17,0],[-0.67,-0.27],[0.38,-0.94],[0,0],[2.051,1.25],[-0.76,1.88],[-0.37,0],[0,0],[-0.12,0.3]],"v":[[-3.544,9.585],[-3.845,9.525],[-4.284,9.095],[-4.284,8.485],[-3.944,7.635],[-5.975,1.535],[-4.766,0.725],[-4.275,0.825],[-3.556,2.515],[-2.935,5.145],[-1.194,0.845],[-3.225,-5.255],[1.376,-8.355],[2.466,-8.235],[2.806,-9.085],[3.546,-9.585],[3.845,-9.525],[4.285,-9.095],[4.285,-8.485],[3.944,-7.635],[5.975,-1.535],[4.766,-0.725],[4.275,-0.815],[3.556,-2.505],[2.936,-5.135],[1.194,-0.835],[3.225,5.265],[-1.374,8.365],[-2.465,8.245],[-2.806,9.095]],"c":true},"ix":2},"nm":"Path 3","mn":"ADBE Vector Shape - Group","hd":false},{"ty":"mm","mm":1,"nm":"Merge Paths 1","mn":"ADBE Vector Filter - Merge","hd":false},{"ty":"fl","c":{"a":0,"k":[0,0,0,1],"ix":4},"o":{"a":0,"k":100,"ix":5},"r":1,"bm":0,"nm":"Fill 1","mn":"ADBE Vector Graphic - Fill","hd":false},{"ty":"tr","p":{"a":0,"k":[313.985,61.475],"ix":2},"a":{"a":0,"k":[0,0],"ix":1},"s":{"a":0,"k":[100,100],"ix":3},"r":{"a":0,"k":0,"ix":6},"o":{"a":0,"k":100,"ix":7},"sk":{"a":0,"k":0,"ix":4},"sa":{"a":0,"k":0,"ix":5},"nm":"Transform"}],"nm":"Group 38","np":5,"cix":2,"bm":0,"ix":2,"mn":"ADBE Vector Group","hd":false},{"ty":"gr","it":[{"ind":0,"ty":"sh","ix":1,"ks":{"a":0,"k":{"i":[[-7.269,0],[0,-7.268],[7.268,0],[0,7.268]],"o":[[7.268,0],[0,7.268],[-7.269,0],[0,-7.268]],"v":[[0,-13.16],[13.16,0],[0,13.16],[-13.16,0]],"c":true},"ix":2},"nm":"Path 1","mn":"ADBE Vector Shape - Group","hd":false},{"ty":"fl","c":{"a":0,"k":[1,1,1,1],"ix":4},"o":{"a":0,"k":100,"ix":5},"r":1,"bm":0,"nm":"Fill 1","mn":"ADBE Vector Graphic - Fill","hd":false},{"ty":"tr","p":{"a":0,"k":[313.99,61.48],"ix":2},"a":{"a":0,"k":[0,0],"ix":1},"s":{"a":0,"k":[100,100],"ix":3},"r":{"a":0,"k":0,"ix":6},"o":{"a":0,"k":100,"ix":7},"sk":{"a":0,"k":0,"ix":4},"sa":{"a":0,"k":0,"ix":5},"nm":"Transform"}],"nm":"Group 39","np":2,"cix":2,"bm":0,"ix":3,"mn":"ADBE Vector Group","hd":false},{"ty":"gr","it":[{"ind":0,"ty":"sh","ix":1,"ks":{"a":0,"k":{"i":[[5.119,0],[1.489,0.6],[-2.58,6.38],[-5.12,0],[-1.49,-0.6],[-1.311,-1.59],[-0.54,0],[0,0],[-0.269,-0.52],[1.36,-3.37]],"o":[[-1.601,0],[-6.38,-2.58],[1.92,-4.74],[1.601,0],[1.93,0.78],[0.339,0.42],[0,0],[-0.229,0.49],[1.661,3.23],[-1.909,4.74]],"v":[[0.771,12.485],[-3.889,11.575],[-10.79,-4.675],[0.799,-12.485],[5.46,-11.575],[10.41,-7.955],[11.799,-7.295],[11.849,-7.295],[11.879,-5.705],[12.349,4.685]],"c":true},"ix":2},"nm":"Path 1","mn":"ADBE Vector Shape - Group","hd":false},{"ind":1,"ty":"sh","ix":2,"ks":{"a":0,"k":{"i":[[0,0],[2.469,-6.11],[-8.229,-3.32],[-2.061,0],[-2.47,6.11],[2.141,4.17],[0.679,0],[0,0],[-0.02,0.21],[0.299,0.37],[2.479,1],[2.061,0],[0,0]],"o":[[-6.599,0],[-3.321,8.22],[1.92,0.78],[6.6,0],[1.75,-4.34],[-0.309,-0.6],[0,0],[0.09,-0.18],[0.05,-0.48],[-1.691,-2.05],[-1.941,-0.77],[0,0],[0,0]],"v":[[0.799,-16.085],[-14.13,-6.025],[-5.241,14.915],[0.771,16.085],[15.701,6.025],[15.09,-7.355],[13.49,-8.335],[13.44,-8.335],[13.6,-8.925],[13.201,-10.245],[6.82,-14.915],[0.799,-16.085],[0.799,-15.085]],"c":true},"ix":2},"nm":"Path 2","mn":"ADBE Vector Shape - Group","hd":false},{"ind":2,"ty":"sh","ix":3,"ks":{"a":0,"k":{"i":[[-5.969,0],[-1.84,-0.75],[-1.589,-1.92],[0.341,-0.28],[0.181,0],[0.16,0.19],[2.08,0.85],[1.67,0],[2.12,-5.24],[-6.891,-2.78],[-1.67,0],[-2.12,5.24],[1.789,3.5],[-0.401,0.2],[-0.13,0],[-0.141,-0.28],[1.64,-4.07],[5.981,0],[1.84,0.75],[-3.111,7.71]],"o":[[1.88,0],[2.33,0.94],[0.281,0.34],[-0.149,0.12],[-0.229,0],[-1.42,-1.72],[-1.651,-0.67],[-5.34,0],[-2.781,6.89],[1.649,0.67],[5.34,0],[1.469,-3.64],[-0.2,-0.39],[0.12,-0.06],[0.29,0],[2.009,3.91],[-2.37,5.87],[-1.88,0],[-7.71,-3.12],[2.379,-5.85]],"v":[[0.799,-15.085],[6.43,-13.985],[12.419,-9.605],[12.309,-8.475],[11.799,-8.295],[11.18,-8.585],[5.831,-12.505],[0.799,-13.485],[-11.72,-5.055],[-4.27,12.495],[0.759,13.475],[13.28,5.045],[12.771,-6.175],[13.12,-7.255],[13.49,-7.345],[14.201,-6.905],[14.771,5.645],[0.759,15.075],[-4.871,13.975],[-13.21,-5.665]],"c":true},"ix":2},"nm":"Path 3","mn":"ADBE Vector Shape - Group","hd":false},{"ty":"mm","mm":1,"nm":"Merge Paths 1","mn":"ADBE Vector Filter - Merge","hd":false},{"ty":"fl","c":{"a":0,"k":[1,1,1,1],"ix":4},"o":{"a":0,"k":100,"ix":5},"r":1,"bm":0,"nm":"Fill 1","mn":"ADBE Vector Graphic - Fill","hd":false},{"ty":"tr","p":{"a":0,"k":[313.21,61.475],"ix":2},"a":{"a":0,"k":[0,0],"ix":1},"s":{"a":0,"k":[100,100],"ix":3},"r":{"a":0,"k":0,"ix":6},"o":{"a":0,"k":100,"ix":7},"sk":{"a":0,"k":0,"ix":4},"sa":{"a":0,"k":0,"ix":5},"nm":"Transform"}],"nm":"Group 40","np":5,"cix":2,"bm":0,"ix":4,"mn":"ADBE Vector Group","hd":false},{"ty":"gr","it":[{"ind":0,"ty":"sh","ix":1,"ks":{"a":0,"k":{"i":[[6.4,0],[1.859,0.76],[1.63,3.83],[-1.559,3.86],[-6.399,0],[-1.86,-0.76],[-1.64,-1.99],[0.56,-0.46],[0.3,0],[0.25,0.3],[2,0.81],[1.669,0],[1.989,-4.93],[-1.351,-3.19],[-3.21,-1.3],[-1.67,0],[-1.99,4.93],[1.73,3.36],[-0.63,0.33],[-0.2,0],[-0.219,-0.44],[1.7,-4.2]],"o":[[-2,0],[-3.851,-1.56],[-1.631,-3.84],[2.39,-5.92],[2,0],[2.411,0.97],[0.46,0.55],[-0.23,0.19],[-0.389,0],[-1.371,-1.66],[-1.55,-0.63],[-5.331,0],[-1.301,3.21],[1.359,3.2],[1.549,0.63],[5.33,0],[1.42,-3.5],[-0.329,-0.64],[0.18,-0.09],[0.49,0],[2.071,4.03],[-2.37,5.92]],"v":[[-0.08,15.59],[-5.899,14.45],[-14.399,6.09],[-14.51,-5.84],[-0.04,-15.59],[5.78,-14.45],[11.96,-9.92],[11.78,-8.09],[10.95,-7.79],[9.941,-8.26],[4.79,-12.03],[-0.059,-12.98],[-12.109,-4.86],[-12.02,5.07],[-4.939,12.04],[-0.09,12.99],[11.96,4.87],[11.47,-5.93],[12.03,-7.68],[12.62,-7.82],[13.78,-7.11],[14.37,5.85]],"c":true},"ix":2},"nm":"Path 1","mn":"ADBE Vector Shape - Group","hd":false},{"ty":"fl","c":{"a":0,"k":[0,0,0,1],"ix":4},"o":{"a":0,"k":100,"ix":5},"r":1,"bm":0,"nm":"Fill 1","mn":"ADBE Vector Graphic - Fill","hd":false},{"ty":"tr","p":{"a":0,"k":[314.05,61.47],"ix":2},"a":{"a":0,"k":[0,0],"ix":1},"s":{"a":0,"k":[100,100],"ix":3},"r":{"a":0,"k":0,"ix":6},"o":{"a":0,"k":100,"ix":7},"sk":{"a":0,"k":0,"ix":4},"sa":{"a":0,"k":0,"ix":5},"nm":"Transform"}],"nm":"Group 41","np":2,"cix":2,"bm":0,"ix":5,"mn":"ADBE Vector Group","hd":false},{"ty":"gr","it":[{"ind":0,"ty":"sh","ix":1,"ks":{"a":0,"k":{"i":[[0.399,-0.27],[0,0],[0.089,-0.51]],"o":[[0,0],[0.29,0.39],[-0.081,0.51]],"v":[[0.461,5.135],[0.9,2.525],[1.23,3.925]],"c":true},"ix":2},"nm":"Path 1","mn":"ADBE Vector Shape - Group","hd":false},{"ind":1,"ty":"sh","ix":2,"ks":{"a":0,"k":{"i":[[0,0],[-0.09,0.51],[-0.401,0.27]],"o":[[-0.29,-0.39],[0.09,-0.51],[0,0]],"v":[[-0.891,-2.515],[-1.221,-3.915],[-0.449,-5.125]],"c":true},"ix":2},"nm":"Path 2","mn":"ADBE Vector Shape - Group","hd":false},{"ind":2,"ty":"sh","ix":3,"ks":{"a":0,"k":{"i":[[0.07,0],[0.099,-0.62],[0,0],[0.429,-2.51],[-2.26,-0.98],[0,0],[-0.09,0.51],[0.981,0.17],[0.101,0],[0.149,-0.87],[-2.26,-0.98],[0,0],[-0.71,-0.12],[-0.08,0],[-0.101,0.62],[0,0],[-0.429,2.51],[2.259,0.98],[0,0],[0.091,-0.51],[-0.981,-0.17],[-0.1,0],[-0.141,0.87],[2.26,0.98],[0,0],[0.711,0.12]],"o":[[-0.64,0],[0,0],[-2.5,0.18],[-0.42,2.51],[0,0],[-0.29,-0.39],[0.17,-0.98],[-0.099,-0.02],[-0.88,0],[-0.421,2.51],[0,0],[-0.12,0.71],[0.069,0.01],[0.639,0],[0,0],[2.5,-0.18],[0.42,-2.51],[0,0],[0.29,0.39],[-0.17,0.98],[0.099,0.02],[0.879,0],[0.42,-2.51],[0,0],[0.121,-0.71],[-0.059,-0.01]],"v":[[1.579,-10.635],[0.301,-9.555],[0.22,-9.055],[-4.77,-4.515],[-1.551,1.405],[-2.109,4.705],[-2.44,3.305],[-3.921,1.225],[-4.221,1.195],[-6,2.695],[-2.78,8.615],[-2.859,9.115],[-1.789,10.615],[-1.57,10.635],[-0.289,9.555],[-0.21,9.055],[4.779,4.515],[1.56,-1.405],[2.12,-4.705],[2.449,-3.305],[3.93,-1.225],[4.23,-1.195],[6,-2.695],[2.779,-8.615],[2.859,-9.115],[1.789,-10.615]],"c":true},"ix":2},"nm":"Path 3","mn":"ADBE Vector Shape - Group","hd":false},{"ind":3,"ty":"sh","ix":4,"ks":{"a":0,"k":{"i":[[-0.059,0],[-0.24,1.39],[1.39,0.39],[0,0]],"o":[[1.371,0],[0.25,-1.45],[0,0],[0.049,0.01]],"v":[[-0.6,6.465],[2.22,4.095],[0.171,0.875],[-0.77,6.455]],"c":true},"ix":2},"nm":"Path 4","mn":"ADBE Vector Shape - Group","hd":false},{"ind":4,"ty":"sh","ix":5,"ks":{"a":0,"k":{"i":[[-1.39,-0.39],[0,0],[0.061,0],[0.24,-1.39]],"o":[[0,0],[-0.059,0],[-1.37,0],[-0.239,1.46]],"v":[[-0.15,-0.865],[0.789,-6.445],[0.609,-6.455],[-2.211,-4.085]],"c":true},"ix":2},"nm":"Path 5","mn":"ADBE Vector Shape - Group","hd":false},{"ind":5,"ty":"sh","ix":6,"ks":{"a":0,"k":{"i":[[-0.14,0],[0,0],[0.019,-0.17],[0,0],[0.389,-2.33],[0.389,0],[0.04,0.01],[-0.07,0.43],[1.389,0.39],[0,0],[0.389,-2.33],[2.141,0],[0.149,0.01],[0,0],[0.149,0],[0,0],[-0.021,0.17],[0,0],[-0.389,2.33],[-0.389,0],[-0.04,-0.01],[0.071,-0.43],[-1.389,-0.39],[0,0],[-0.389,2.33],[-2.14,0],[-0.151,-0.01],[0,0]],"o":[[0,0],[0.159,0.03],[0,0],[2.26,0.54],[-0.071,0.39],[-0.041,0],[-0.441,-0.07],[0.25,-1.45],[0,0],[2.26,0.54],[-0.371,2.18],[-0.149,0],[0,0],[-0.02,0.15],[0,0],[-0.16,-0.03],[0,0],[-2.259,-0.54],[0.071,-0.39],[0.04,0],[0.441,0.07],[-0.25,1.45],[0,0],[-2.259,-0.54],[0.37,-2.18],[0.15,0],[0,0],[0.031,-0.15]],"v":[[1.579,-9.635],[1.63,-9.635],[1.88,-9.285],[1.65,-7.945],[5.021,-2.865],[4.23,-2.195],[4.1,-2.205],[3.439,-3.125],[1.391,-6.345],[0.439,-0.715],[3.81,4.365],[-0.591,8.085],[-1.039,8.065],[-1.27,9.405],[-1.57,9.655],[-1.62,9.655],[-1.87,9.305],[-1.641,7.965],[-5.01,2.885],[-4.221,2.215],[-4.091,2.225],[-3.431,3.145],[-1.38,6.365],[-0.431,0.735],[-3.801,-4.345],[0.6,-8.065],[1.051,-8.045],[1.279,-9.385]],"c":true},"ix":2},"nm":"Path 6","mn":"ADBE Vector Shape - Group","hd":false},{"ty":"mm","mm":1,"nm":"Merge Paths 1","mn":"ADBE Vector Filter - Merge","hd":false},{"ty":"fl","c":{"a":0,"k":[1,1,1,1],"ix":4},"o":{"a":0,"k":100,"ix":5},"r":1,"bm":0,"nm":"Fill 1","mn":"ADBE Vector Graphic - Fill","hd":false},{"ty":"tr","p":{"a":0,"k":[300.48,48.945],"ix":2},"a":{"a":0,"k":[0,0],"ix":1},"s":{"a":0,"k":[100,100],"ix":3},"r":{"a":0,"k":0,"ix":6},"o":{"a":0,"k":100,"ix":7},"sk":{"a":0,"k":0,"ix":4},"sa":{"a":0,"k":0,"ix":5},"nm":"Transform"}],"nm":"Group 42","np":8,"cix":2,"bm":0,"ix":6,"mn":"ADBE Vector Group","hd":false},{"ty":"gr","it":[{"ind":0,"ty":"sh","ix":1,"ks":{"a":0,"k":{"i":[[0,0],[0.17,-0.99],[-0.85,-0.48]],"o":[[-0.97,0.17],[-0.17,1],[0,0]],"v":[[0.19,-5.93],[-1.72,-4.01],[-0.55,-1.57]],"c":true},"ix":2},"nm":"Path 1","mn":"ADBE Vector Shape - Group","hd":false},{"ind":1,"ty":"sh","ix":2,"ks":{"a":0,"k":{"i":[[0,0],[-0.17,0.99],[0.85,0.48]],"o":[[0.97,-0.17],[0.17,-1],[0,0]],"v":[[-0.18,5.91],[1.73,3.99],[0.56,1.55]],"c":true},"ix":2},"nm":"Path 2","mn":"ADBE Vector Shape - Group","hd":false},{"ind":2,"ty":"sh","ix":3,"ks":{"a":0,"k":{"i":[[0,0],[0,0],[-0.07,0.43],[0,0],[-0.411,2.41],[-0.64,0],[-0.081,-0.01],[-0.2,-0.28],[0.06,-0.34],[-0.85,-0.48],[0,0],[-0.411,2.41],[-2.43,0],[0,0],[0,0],[-0.39,0],[0,0],[0,0],[0.07,-0.43],[0,0],[0.409,-2.41],[0.64,0],[0.079,0.01],[0.2,0.28],[-0.06,0.34],[0.85,0.48],[0,0],[0.41,-2.41],[2.43,0],[0,0],[0,0],[0.39,0]],"o":[[0,0],[-0.44,-0.07],[0,0],[-2.27,-0.77],[0.109,-0.63],[0.07,0],[0.339,0.06],[0.2,0.28],[-0.17,1],[0,0],[-2.271,-0.77],[0.399,-2.4],[0,0],[0,0],[0.06,-0.39],[0,0],[0,0],[0.44,0.07],[0,0],[2.269,0.77],[-0.111,0.63],[-0.07,0],[-0.341,-0.06],[-0.199,-0.28],[0.17,-1],[0,0],[2.269,0.77],[-0.4,2.4],[0,0],[0,0],[-0.06,0.39],[0,0]],"v":[[-1.61,10.13],[-1.7,10.12],[-2.36,9.2],[-2.21,8.3],[-5.499,2.78],[-4.22,1.7],[-3.999,1.72],[-3.16,2.25],[-2.94,3.22],[-1.77,5.66],[-0.999,1.09],[-4.289,-4.43],[0.6,-8.56],[0.63,-8.56],[0.78,-9.46],[1.57,-10.13],[1.61,-10.13],[1.7,-10.12],[2.36,-9.2],[2.211,-8.3],[5.501,-2.78],[4.22,-1.7],[4.001,-1.72],[3.16,-2.25],[2.94,-3.22],[1.77,-5.66],[1.001,-1.09],[4.29,4.43],[-0.6,8.56],[-0.63,8.56],[-0.78,9.46],[-1.57,10.13]],"c":true},"ix":2},"nm":"Path 3","mn":"ADBE Vector Shape - Group","hd":false},{"ty":"mm","mm":1,"nm":"Merge Paths 1","mn":"ADBE Vector Filter - Merge","hd":false},{"ty":"fl","c":{"a":0,"k":[0,0,0,1],"ix":4},"o":{"a":0,"k":100,"ix":5},"r":1,"bm":0,"nm":"Fill 1","mn":"ADBE Vector Graphic - Fill","hd":false},{"ty":"tr","p":{"a":0,"k":[300.48,48.96],"ix":2},"a":{"a":0,"k":[0,0],"ix":1},"s":{"a":0,"k":[100,100],"ix":3},"r":{"a":0,"k":0,"ix":6},"o":{"a":0,"k":100,"ix":7},"sk":{"a":0,"k":0,"ix":4},"sa":{"a":0,"k":0,"ix":5},"nm":"Transform"}],"nm":"Group 43","np":5,"cix":2,"bm":0,"ix":7,"mn":"ADBE Vector Group","hd":false},{"ty":"gr","it":[{"ind":0,"ty":"sh","ix":1,"ks":{"a":0,"k":{"i":[[5.14,0],[0.58,0.1],[-0.971,5.7],[-5.131,0],[-0.58,-0.1],[-1.36,-1.07],[-0.37,-0.14],[-0.259,-0.31],[0.5,-3]],"o":[[-0.58,0],[-5.7,-0.96],[0.85,-5.07],[0.579,0],[1.72,0.29],[0.31,0.24],[0.139,0.35],[1.951,2.35],[-0.861,5.06]],"v":[[0.4,10.485],[-1.35,10.335],[-9.94,-1.745],[0.39,-10.485],[2.14,-10.335],[6.85,-8.255],[7.87,-7.685],[8.469,-6.685],[10.74,1.745]],"c":true},"ix":2},"nm":"Path 1","mn":"ADBE Vector Shape - Group","hd":false},{"ind":1,"ty":"sh","ix":2,"ks":{"a":0,"k":{"i":[[1,0],[0,0],[1.48,-8.74],[-9.841,-1.66],[-1,0],[-1.48,8.74],[3.359,4.05],[0.62,0.23],[0.53,0.42],[2.97,0.5]],"o":[[0,0],[-8.86,0],[-1.66,9.83],[1,0.17],[8.859,0],[0.87,-5.19],[-0.43,-0.52],[-0.25,-0.61],[-2.361,-1.85],[-0.99,-0.17]],"v":[[0.39,-18.085],[0.39,-18.085],[-17.44,-3.005],[-2.61,17.835],[0.4,18.085],[18.23,3.005],[14.32,-11.535],[12.719,-12.675],[11.54,-14.245],[3.4,-17.835]],"c":true},"ix":2},"nm":"Path 2","mn":"ADBE Vector Shape - Group","hd":false},{"ind":2,"ty":"sh","ix":3,"ks":{"a":0,"k":{"i":[[-7.23,0],[-0.85,-0.14],[-1.97,-1.54],[0.271,-0.34],[0.24,0],[0.141,0.11],[2.22,0.37],[0.74,0],[1.109,-6.57],[-7.33,-1.24],[-0.74,0],[-1.111,6.57],[2.5,3.02],[-0.34,0.28],[-0.18,0],[-0.16,-0.19],[0.73,-4.32],[7.23,0],[0.85,0.14],[-1.38,8.2]],"o":[[0.829,0],[2.48,0.42],[0.349,0.27],[-0.16,0.2],[-0.17,0],[-1.75,-1.38],[-0.76,-0.13],[-6.46,0],[-1.24,7.33],[0.76,0.13],[6.46,0],[0.65,-3.87],[-0.281,-0.34],[0.149,-0.12],[0.23,0],[2.8,3.38],[-1.241,7.36],[-0.831,0],[-8.2,-1.38],[1.229,-7.37]],"v":[[0.39,-15.085],[2.91,-14.875],[9.7,-11.885],[9.839,-10.765],[9.21,-10.455],[8.719,-10.625],[2.65,-13.295],[0.4,-13.485],[-12.89,-2.245],[-1.84,13.295],[0.41,13.485],[13.7,2.245],[10.79,-8.595],[10.9,-9.725],[11.41,-9.905],[12.03,-9.615],[15.29,2.515],[0.42,15.095],[-2.1,14.885],[-14.47,-2.495]],"c":true},"ix":2},"nm":"Path 3","mn":"ADBE Vector Shape - Group","hd":false},{"ty":"mm","mm":1,"nm":"Merge Paths 1","mn":"ADBE Vector Filter - Merge","hd":false},{"ty":"fl","c":{"a":0,"k":[1,1,1,1],"ix":4},"o":{"a":0,"k":100,"ix":5},"r":1,"bm":0,"nm":"Fill 1","mn":"ADBE Vector Graphic - Fill","hd":false},{"ty":"tr","p":{"a":0,"k":[300.09,48.955],"ix":2},"a":{"a":0,"k":[0,0],"ix":1},"s":{"a":0,"k":[100,100],"ix":3},"r":{"a":0,"k":0,"ix":6},"o":{"a":0,"k":100,"ix":7},"sk":{"a":0,"k":0,"ix":4},"sa":{"a":0,"k":0,"ix":5},"nm":"Transform"}],"nm":"Group 44","np":5,"cix":2,"bm":0,"ix":8,"mn":"ADBE Vector Group","hd":false},{"ty":"gr","it":[{"ind":0,"ty":"sh","ix":1,"ks":{"a":0,"k":{"i":[[0.67,0],[0.981,-5.79],[-1.86,-2.62],[-3.151,-0.53],[-0.67,0],[-0.979,5.79],[2.231,2.69],[0.03,0.47],[0.38,0.3],[1.969,0.34]],"o":[[-5.87,0],[-0.53,3.15],[1.859,2.61],[0.66,0.11],[5.87,0],[0.58,-3.44],[-0.319,-0.39],[-0.481,-0.02],[-1.559,-1.22],[-0.67,-0.11]],"v":[[0.345,-11.985],[-11.466,-1.995],[-9.405,6.945],[-1.635,11.815],[0.365,11.985],[12.174,1.995],[9.584,-7.645],[9.065,-8.955],[7.744,-9.445],[2.355,-11.825]],"c":true},"ix":2},"nm":"Path 1","mn":"ADBE Vector Shape - Group","hd":false},{"ind":1,"ty":"sh","ix":2,"ks":{"a":0,"k":{"i":[[8.12,0],[0.91,0.15],[-1.519,9.02],[-8.12,0],[-0.911,-0.15],[-2.16,-1.69],[-0.08,-0.61],[0,-0.04],[-0.42,-0.51],[0.801,-4.75]],"o":[[-0.92,0],[-9.021,-1.52],[1.351,-8.01],[0.92,0],[2.719,0.46],[0.481,0.38],[0,0.04],[0.651,0.03],[3.08,3.71],[-1.359,8.01]],"v":[[0.365,16.585],[-2.395,16.355],[-15.996,-2.755],[0.355,-16.585],[3.115,-16.355],[10.574,-13.065],[11.445,-11.535],[11.454,-11.415],[13.134,-10.575],[16.714,2.755]],"c":true},"ix":2},"nm":"Path 2","mn":"ADBE Vector Shape - Group","hd":false},{"ty":"mm","mm":1,"nm":"Merge Paths 1","mn":"ADBE Vector Filter - Merge","hd":false},{"ty":"fl","c":{"a":0,"k":[0,0,0,1],"ix":4},"o":{"a":0,"k":100,"ix":5},"r":1,"bm":0,"nm":"Fill 1","mn":"ADBE Vector Graphic - Fill","hd":false},{"ty":"tr","p":{"a":0,"k":[300.135,48.955],"ix":2},"a":{"a":0,"k":[0,0],"ix":1},"s":{"a":0,"k":[100,100],"ix":3},"r":{"a":0,"k":0,"ix":6},"o":{"a":0,"k":100,"ix":7},"sk":{"a":0,"k":0,"ix":4},"sa":{"a":0,"k":0,"ix":5},"nm":"Transform"}],"nm":"Group 45","np":4,"cix":2,"bm":0,"ix":9,"mn":"ADBE Vector Group","hd":false},{"ty":"gr","it":[{"ind":0,"ty":"sh","ix":1,"ks":{"a":0,"k":{"i":[[5,3.31],[0.681,0.54],[1.359,1.62],[0.6,1.08],[0.291,0.53],[-14.16,7.83],[-7.82,-14.16],[14.17,-7.82],[0.16,-0.05],[1.36,-0.43],[1.811,-0.27],[1.21,-0.03]],"o":[[-0.711,-0.47],[-1.609,-1.26],[-0.74,-0.92],[-0.381,-0.43],[-7.82,-14.16],[14.161,-7.82],[7.819,14.16],[-0.14,0.08],[-1.29,0.71],[-1.76,0.61],[-1.21,0.19],[-5.96,0.15]],"v":[[-16.159,26.83],[-18.25,25.32],[-22.649,21],[-24.739,18.05],[-25.68,16.6],[-14.18,-23.3],[25.681,-11.78],[14.21,28.1],[13.771,28.3],[9.71,30.04],[4.33,31.37],[0.7,31.69]],"c":true},"ix":2},"nm":"Path 1","mn":"ADBE Vector Shape - Group","hd":false},{"ind":1,"ty":"sh","ix":2,"ks":{"a":0,"k":{"i":[[-5.849,-0.1],[-1.859,0.28],[-2.01,0.7],[-1.47,0.82],[-0.161,0.08],[8.93,16.17],[16.17,-8.93],[-8.931,-16.17],[-0.43,-0.49],[-0.84,-1.05],[-1.831,-1.44],[-1.25,-0.76]],"o":[[1.861,0.03],[2.07,-0.31],[1.55,-0.49],[0.179,-0.05],[16.17,-8.93],[-8.929,-16.17],[-16.17,8.93],[0.33,0.6],[0.681,1.24],[1.551,1.86],[1.15,0.92],[5.029,3.01]],"v":[[-0.63,35.84],[4.96,35.47],[11.101,33.95],[15.731,31.96],[16.231,31.74],[29.32,-13.79],[-16.189,-26.94],[-29.319,18.61],[-28.25,20.26],[-25.87,23.63],[-20.849,28.57],[-17.239,31.07]],"c":true},"ix":2},"nm":"Path 2","mn":"ADBE Vector Shape - Group","hd":false},{"ty":"mm","mm":1,"nm":"Merge Paths 1","mn":"ADBE Vector Filter - Merge","hd":false},{"ty":"fl","c":{"a":0,"k":[0.144999994016,0.486000001197,0.709999952129,1],"ix":4},"o":{"a":0,"k":100,"ix":5},"r":1,"bm":0,"nm":"Fill 1","mn":"ADBE Vector Graphic - Fill","hd":false},{"ty":"tr","p":{"a":0,"k":[306.889,52.6],"ix":2},"a":{"a":0,"k":[0,0],"ix":1},"s":{"a":0,"k":[100,100],"ix":3},"r":{"a":0,"k":0,"ix":6},"o":{"a":0,"k":100,"ix":7},"sk":{"a":0,"k":0,"ix":4},"sa":{"a":0,"k":0,"ix":5},"nm":"Transform"}],"nm":"Group 46","np":4,"cix":2,"bm":0,"ix":10,"mn":"ADBE Vector Group","hd":false},{"ty":"gr","it":[{"ind":0,"ty":"sh","ix":1,"ks":{"a":0,"k":{"i":[[0,0],[0,0],[0,0],[-1.97,-0.57],[0,0],[-0.39,0],[-0.51,1.38],[0,0],[0,0],[0,0],[5.01,2.18]],"o":[[0,0],[0,0],[-0.39,1.84],[0,0],[0.37,0.11],[1.58,0],[0,0],[0,0],[0,0],[-5.359,-0.81],[0,0]],"v":[[-6.39,-33.115],[-7.01,-29.315],[-16.42,28.205],[-13.67,32.455],[-11.93,32.955],[-10.78,33.115],[-7.34,30.825],[15.31,-22.885],[16.81,-26.445],[12.99,-27.015],[-2.86,-31.585]],"c":true},"ix":2},"nm":"Path 1","mn":"ADBE Vector Shape - Group","hd":false},{"ind":1,"ty":"sh","ix":2,"ks":{"a":0,"k":{"i":[[0,0],[-5.629,-0.85],[0,0],[0.31,0],[0.11,0.04],[0,0],[-0.09,0.3]],"o":[[5.24,2.28],[0,0],[-0.07,0.23],[-0.1,0],[0,0],[-0.44,-0.13],[0,0]],"v":[[-4.05,-28.825],[12.55,-24.045],[-10.14,29.755],[-10.78,30.125],[-11.1,30.075],[-12.84,29.575],[-13.48,28.795]],"c":true},"ix":2},"nm":"Path 2","mn":"ADBE Vector Shape - Group","hd":false},{"ty":"mm","mm":1,"nm":"Merge Paths 1","mn":"ADBE Vector Filter - Merge","hd":false},{"ty":"fl","c":{"a":0,"k":[1,1,1,1],"ix":4},"o":{"a":0,"k":100,"ix":5},"r":1,"bm":0,"nm":"Fill 1","mn":"ADBE Vector Graphic - Fill","hd":false},{"ty":"tr","p":{"a":0,"k":[293.77,112.275],"ix":2},"a":{"a":0,"k":[0,0],"ix":1},"s":{"a":0,"k":[100,100],"ix":3},"r":{"a":0,"k":0,"ix":6},"o":{"a":0,"k":100,"ix":7},"sk":{"a":0,"k":0,"ix":4},"sa":{"a":0,"k":0,"ix":5},"nm":"Transform"}],"nm":"Group 47","np":4,"cix":2,"bm":0,"ix":11,"mn":"ADBE Vector Group","hd":false},{"ty":"gr","it":[{"ind":0,"ty":"sh","ix":1,"ks":{"a":0,"k":{"i":[[0.95,0],[0.24,0.06],[0,0],[0.31,0.38],[-0.13,0.59],[0,0],[0,0],[-5.491,-0.82],[0,0],[0,0]],"o":[[-0.25,0],[0,0],[-0.5,-0.14],[-0.411,-0.5],[0,0],[0,0],[5.13,2.23],[0,0],[0,0],[-0.3,0.8]],"v":[[-10.585,31.295],[-11.315,31.195],[-13.056,30.695],[-14.315,29.885],[-14.755,28.175],[-5.025,-31.295],[-3.255,-30.525],[12.975,-25.855],[14.885,-25.565],[-8.535,29.965]],"c":true},"ix":2},"nm":"Path 1","mn":"ADBE Vector Shape - Group","hd":false},{"ty":"fl","c":{"a":0,"k":[0.144999994016,0.486000001197,0.709999952129,1],"ix":4},"o":{"a":0,"k":100,"ix":5},"r":1,"bm":0,"nm":"Fill 1","mn":"ADBE Vector Graphic - Fill","hd":false},{"ty":"tr","p":{"a":0,"k":[293.575,112.605],"ix":2},"a":{"a":0,"k":[0,0],"ix":1},"s":{"a":0,"k":[100,100],"ix":3},"r":{"a":0,"k":0,"ix":6},"o":{"a":0,"k":100,"ix":7},"sk":{"a":0,"k":0,"ix":4},"sa":{"a":0,"k":0,"ix":5},"nm":"Transform"}],"nm":"Group 48","np":2,"cix":2,"bm":0,"ix":12,"mn":"ADBE Vector Group","hd":false},{"ty":"gr","it":[{"ind":0,"ty":"sh","ix":1,"ks":{"a":0,"k":{"i":[[-0.41,1.42],[0,0],[0.98,0.94],[1.969,3.56],[-3.021,10.48],[-17.67,1.93],[-7.57,-6],[4.71,-16.35],[9.51,-5.25],[3.5,-0.85],[0.401,-1.24],[0,0],[-0.87,-0.98],[-1.299,0.2],[-9.149,12.67],[-1.729,6.02],[0.96,6.33],[20.651,6.24],[14.91,-16.4],[2.221,-7.72],[-1.21,-7.49],[-10.46,-8.7],[-1.24,0.38]],"o":[[0,-0.01],[0.3,-1.3],[-2.84,-2.74],[-5.26,-9.51],[4.71,-16.34],[9.601,-1.05],[13.97,11.06],[-3.021,10.46],[-3.141,1.73],[-1.29,0.31],[0,0],[-0.36,1.25],[0.87,0.98],[14.63,-2.33],[2.771,-3.83],[2.341,-8.12],[-3.36,-22.07],[-20.599,-6.22],[-5.37,5.9],[-2.13,7.38],[2.28,14.11],[1,0.83],[1.22,-0.37]],"v":[[-29,40.47],[-27.271,33.05],[-28.36,29.47],[-35.61,19.97],[-39.08,-11.04],[-2.801,-40.66],[24.21,-32.87],[39.21,11.57],[19.79,35.94],[9.779,39.84],[7.069,42.32],[4.66,49.72],[5.47,53.29],[8.939,54.54],[45.819,31.28],[52.699,16.22],[54.87,-6.51],[15.949,-52.4],[-41.62,-35.9],[-53.221,-15.08],[-54.62,7.64],[-35.15,42.51],[-31.58,43.22]],"c":true},"ix":2},"nm":"Path 1","mn":"ADBE Vector Shape - Group","hd":false},{"ty":"fl","c":{"a":0,"k":[0.219999994016,0.722000002394,0.922000002394,1],"ix":4},"o":{"a":0,"k":100,"ix":5},"r":1,"bm":0,"nm":"Fill 1","mn":"ADBE Vector Graphic - Fill","hd":false},{"ty":"tr","p":{"a":0,"k":[306.82,54.74],"ix":2},"a":{"a":0,"k":[0,0],"ix":1},"s":{"a":0,"k":[100,100],"ix":3},"r":{"a":0,"k":0,"ix":6},"o":{"a":0,"k":100,"ix":7},"sk":{"a":0,"k":0,"ix":4},"sa":{"a":0,"k":0,"ix":5},"nm":"Transform"}],"nm":"Group 49","np":4,"cix":2,"bm":0,"ix":13,"mn":"ADBE Vector Group","hd":false},{"ty":"gr","it":[{"ind":0,"ty":"sh","ix":1,"ks":{"a":0,"k":{"i":[[0,0],[0.31,-0.33],[0,0],[-0.469,-0.44]],"o":[[-0.471,-0.44],[0,0],[-0.31,0.33],[0,0]],"v":[[1.49,-0.995],[0.07,-1.195],[-1.18,0.114],[-0.901,1.525]],"c":false},"ix":2},"nm":"Path 1","mn":"ADBE Vector Shape - Group","hd":false},{"ty":"st","c":{"a":0,"k":[1,1,1,1],"ix":3},"o":{"a":0,"k":100,"ix":4},"w":{"a":0,"k":3,"ix":5},"lc":1,"lj":1,"ml":10,"bm":0,"nm":"Stroke 1","mn":"ADBE Vector Graphic - Stroke","hd":false},{"ty":"fl","c":{"a":0,"k":[0.144999994016,0.486000001197,0.709999952129,1],"ix":4},"o":{"a":0,"k":100,"ix":5},"r":1,"bm":0,"nm":"Fill 1","mn":"ADBE Vector Graphic - Fill","hd":false},{"ty":"tr","p":{"a":0,"k":[290.75,169.945],"ix":2},"a":{"a":0,"k":[0,0],"ix":1},"s":{"a":0,"k":[100,100],"ix":3},"r":{"a":0,"k":0,"ix":6},"o":{"a":0,"k":100,"ix":7},"sk":{"a":0,"k":0,"ix":4},"sa":{"a":0,"k":0,"ix":5},"nm":"Transform"}],"nm":"Group 50","np":3,"cix":2,"bm":0,"ix":14,"mn":"ADBE Vector Group","hd":false},{"ty":"tr","p":{"a":0,"k":[270.335,163.854],"ix":2},"a":{"a":0,"k":[270.335,163.854],"ix":1},"s":{"a":1,"k":[{"i":{"x":[0.436,0.436],"y":[1,1]},"o":{"x":[0.563,0.563],"y":[0,0]},"t":20,"s":[0,0],"e":[100,100]},{"i":{"x":[0.436,0.436],"y":[1,1]},"o":{"x":[0.333,0.333],"y":[0,0]},"t":33,"s":[100,100],"e":[100,100]},{"i":{"x":[0.437,0.437],"y":[1,1]},"o":{"x":[0.564,0.564],"y":[0,0]},"t":410,"s":[100,100],"e":[0,0]},{"t":423.000017229143}],"ix":3},"r":{"a":0,"k":0,"ix":6},"o":{"a":0,"k":100,"ix":7},"sk":{"a":0,"k":0,"ix":4},"sa":{"a":0,"k":0,"ix":5},"nm":"Transform"}],"nm":"world group","np":14,"cix":2,"bm":0,"ix":4,"mn":"ADBE Vector Group","hd":false},{"ty":"gr","it":[{"ind":0,"ty":"sh","ix":1,"ks":{"a":0,"k":{"i":[[0,12.12],[12.12,0],[0,-12.12],[-12.12,0]],"o":[[0,-12.12],[-12.12,0],[0,12.12],[12.111,0]],"v":[[21.991,0.005],[0.02,-21.975],[-21.97,0.005],[0.02,21.975]],"c":true},"ix":2},"nm":"Path 1","mn":"ADBE Vector Shape - Group","hd":false},{"ind":1,"ty":"sh","ix":2,"ks":{"a":0,"k":{"i":[[0,-21.48],[21.48,0],[0,21.479],[-21.491,0]],"o":[[0,21.479],[-21.491,0],[0,-21.48],[21.48,0]],"v":[[38.97,0.005],[0.011,38.965],[-38.97,0.005],[0.011,-38.965]],"c":true},"ix":2},"nm":"Path 2","mn":"ADBE Vector Shape - Group","hd":false},{"ty":"mm","mm":1,"nm":"Merge Paths 1","mn":"ADBE Vector Filter - Merge","hd":false},{"ty":"fl","c":{"a":0,"k":[0.219999994016,0.722000002394,0.922000002394,1],"ix":4},"o":{"a":0,"k":100,"ix":5},"r":1,"bm":0,"nm":"Fill 1","mn":"ADBE Vector Graphic - Fill","hd":false},{"ty":"tr","p":{"a":0,"k":[277.99,157.865],"ix":2},"a":{"a":0,"k":[0,0],"ix":1},"s":{"a":0,"k":[100,100],"ix":3},"r":{"a":0,"k":0,"ix":6},"o":{"a":0,"k":100,"ix":7},"sk":{"a":0,"k":0,"ix":4},"sa":{"a":0,"k":0,"ix":5},"nm":"Transform"}],"nm":"Group 51","np":4,"cix":2,"bm":0,"ix":5,"mn":"ADBE Vector Group","hd":false}],"ip":0,"op":900.000036657751,"st":0,"bm":0},{"ddd":0,"ind":3,"ty":4,"nm":"cricle robot","sr":1,"ks":{"o":{"a":0,"k":100,"ix":11},"r":{"a":0,"k":0,"ix":10},"p":{"a":0,"k":[394.5,327.5,0],"ix":2},"a":{"a":0,"k":[0,0,0],"ix":1},"s":{"a":0,"k":[100,100,100],"ix":6}},"ao":0,"shapes":[{"ty":"gr","it":[{"d":1,"ty":"el","s":{"a":0,"k":[230,230],"ix":2},"p":{"a":0,"k":[0,0],"ix":3},"nm":"Ellipse Path 1","mn":"ADBE Vector Shape - Ellipse","hd":false},{"ty":"st","c":{"a":0,"k":[0.219607843137,0.721568627451,0.921568627451,1],"ix":3},"o":{"a":0,"k":100,"ix":4},"w":{"a":0,"k":5,"ix":5},"lc":2,"lj":1,"ml":4,"bm":0,"d":[{"n":"d","nm":"dash","v":{"a":0,"k":10,"ix":1}},{"n":"g","nm":"gap","v":{"a":0,"k":25,"ix":2}},{"n":"o","nm":"offset","v":{"a":0,"k":0,"ix":7}}],"nm":"Stroke 1","mn":"ADBE Vector Graphic - Stroke","hd":false},{"ty":"tr","p":{"a":0,"k":[-113,-6],"ix":2},"a":{"a":0,"k":[0,0],"ix":1},"s":{"a":1,"k":[{"i":{"x":[0.667,0.667],"y":[1,1]},"o":{"x":[0.333,0.333],"y":[0,0]},"t":71,"s":[65,65],"e":[100,100]},{"i":{"x":[0.789,0.789],"y":[15.217,15.217]},"o":{"x":[0.321,0.321],"y":[0,0]},"t":91,"s":[100,100],"e":[100,100]},{"i":{"x":[0.713,0.713],"y":[1,1]},"o":{"x":[0.378,0.378],"y":[0.013,0.013]},"t":380,"s":[100,100],"e":[0,0]},{"t":395.00001608868}],"ix":3},"r":{"a":1,"k":[{"i":{"x":[0.833],"y":[0.833]},"o":{"x":[0.167],"y":[0.167]},"t":0,"s":[0],"e":[1080]},{"t":447.000018206683}],"ix":6},"o":{"a":1,"k":[{"i":{"x":[0.667],"y":[1]},"o":{"x":[0.333],"y":[0]},"t":71,"s":[0],"e":[100]},{"i":{"x":[0.789],"y":[15.217]},"o":{"x":[0.321],"y":[0]},"t":91,"s":[100],"e":[100]},{"i":{"x":[0.713],"y":[1]},"o":{"x":[0.378],"y":[0.013]},"t":380,"s":[100],"e":[0]},{"t":395.00001608868}],"ix":7},"sk":{"a":0,"k":0,"ix":4},"sa":{"a":0,"k":0,"ix":5},"nm":"Transform"}],"nm":"Ellipse 1","np":3,"cix":2,"bm":0,"ix":1,"mn":"ADBE Vector Group","hd":false}],"ip":0,"op":900.000036657751,"st":0,"bm":0},{"ddd":0,"ind":4,"ty":4,"nm":"circle world","sr":1,"ks":{"o":{"a":0,"k":100,"ix":11},"r":{"a":0,"k":0,"ix":10},"p":{"a":0,"k":[614,440,0],"ix":2},"a":{"a":0,"k":[0,0,0],"ix":1},"s":{"a":0,"k":[68,68,100],"ix":6}},"ao":0,"shapes":[{"ty":"gr","it":[{"d":1,"ty":"el","s":{"a":0,"k":[230,230],"ix":2},"p":{"a":0,"k":[0,0],"ix":3},"nm":"Ellipse Path 1","mn":"ADBE Vector Shape - Ellipse","hd":false},{"ty":"st","c":{"a":0,"k":[0.219607843137,0.721568627451,0.921568627451,1],"ix":3},"o":{"a":0,"k":100,"ix":4},"w":{"a":0,"k":5,"ix":5},"lc":2,"lj":1,"ml":4,"bm":0,"d":[{"n":"d","nm":"dash","v":{"a":0,"k":10,"ix":1}},{"n":"g","nm":"gap","v":{"a":0,"k":25,"ix":2}},{"n":"o","nm":"offset","v":{"a":0,"k":0,"ix":7}}],"nm":"Stroke 1","mn":"ADBE Vector Graphic - Stroke","hd":false},{"ty":"tr","p":{"a":0,"k":[-113,-6],"ix":2},"a":{"a":0,"k":[0,0],"ix":1},"s":{"a":1,"k":[{"i":{"x":[0.667,0.667],"y":[1,1]},"o":{"x":[0.333,0.333],"y":[0,0]},"t":25,"s":[65,65],"e":[100,100]},{"i":{"x":[0.776,0.776],"y":[12.988,12.988]},"o":{"x":[0.162,0.162],"y":[0,0]},"t":45,"s":[100,100],"e":[100,100]},{"i":{"x":[0.722,0.722],"y":[1,1]},"o":{"x":[0.386,0.386],"y":[0.009,0.009]},"t":392,"s":[100,100],"e":[0,0]},{"t":407.00001657745}],"ix":3},"r":{"a":1,"k":[{"i":{"x":[0.833],"y":[0.833]},"o":{"x":[0.167],"y":[0.167]},"t":0,"s":[0],"e":[1080]},{"t":447.000018206683}],"ix":6},"o":{"a":1,"k":[{"i":{"x":[0.667],"y":[1]},"o":{"x":[0.333],"y":[0]},"t":25,"s":[0],"e":[100]},{"i":{"x":[0.776],"y":[12.988]},"o":{"x":[0.162],"y":[0]},"t":45,"s":[100],"e":[100]},{"i":{"x":[0.722],"y":[1]},"o":{"x":[0.386],"y":[0.009]},"t":392,"s":[100],"e":[0]},{"t":407.00001657745}],"ix":7},"sk":{"a":0,"k":0,"ix":4},"sa":{"a":0,"k":0,"ix":5},"nm":"Transform"}],"nm":"Ellipse 1","np":3,"cix":2,"bm":0,"ix":1,"mn":"ADBE Vector Group","hd":false}],"ip":0,"op":900.000036657751,"st":0,"bm":0},{"ddd":0,"ind":5,"ty":4,"nm":"corcle coin","sr":1,"ks":{"o":{"a":0,"k":100,"ix":11},"r":{"a":0,"k":0,"ix":10},"p":{"a":0,"k":[573.5,221.5,0],"ix":2},"a":{"a":0,"k":[0,0,0],"ix":1},"s":{"a":0,"k":[61,61,100],"ix":6}},"ao":0,"shapes":[{"ty":"gr","it":[{"d":1,"ty":"el","s":{"a":0,"k":[230,230],"ix":2},"p":{"a":0,"k":[0,0],"ix":3},"nm":"Ellipse Path 1","mn":"ADBE Vector Shape - Ellipse","hd":false},{"ty":"st","c":{"a":0,"k":[0.219607843137,0.721568627451,0.921568627451,1],"ix":3},"o":{"a":0,"k":100,"ix":4},"w":{"a":0,"k":5,"ix":5},"lc":2,"lj":1,"ml":4,"bm":0,"d":[{"n":"d","nm":"dash","v":{"a":0,"k":10,"ix":1}},{"n":"g","nm":"gap","v":{"a":0,"k":25,"ix":2}},{"n":"o","nm":"offset","v":{"a":0,"k":0,"ix":7}}],"nm":"Stroke 1","mn":"ADBE Vector Graphic - Stroke","hd":false},{"ty":"tr","p":{"a":0,"k":[-113,-6],"ix":2},"a":{"a":0,"k":[0,0],"ix":1},"s":{"a":1,"k":[{"i":{"x":[0.667,0.667],"y":[1,1]},"o":{"x":[0.333,0.333],"y":[0,0]},"t":35,"s":[65,65],"e":[100,100]},{"i":{"x":[0.714,0.714],"y":[1,1]},"o":{"x":[0.163,0.163],"y":[0,0]},"t":55,"s":[100,100],"e":[100,100]},{"i":{"x":[0.621,0.621],"y":[1,1]},"o":{"x":[0.286,0.286],"y":[0,0]},"t":398,"s":[100,100],"e":[0,0]},{"t":410.000016699642}],"ix":3},"r":{"a":1,"k":[{"i":{"x":[0.833],"y":[0.833]},"o":{"x":[0.167],"y":[0.167]},"t":0,"s":[0],"e":[1080]},{"t":447.000018206683}],"ix":6},"o":{"a":1,"k":[{"i":{"x":[0.667],"y":[1]},"o":{"x":[0.333],"y":[0]},"t":35,"s":[0],"e":[100]},{"i":{"x":[0.714],"y":[1]},"o":{"x":[0.163],"y":[0]},"t":55,"s":[100],"e":[100]},{"i":{"x":[0.621],"y":[1]},"o":{"x":[0.286],"y":[0]},"t":398,"s":[100],"e":[0]},{"t":410.000016699642}],"ix":7},"sk":{"a":0,"k":0,"ix":4},"sa":{"a":0,"k":0,"ix":5},"nm":"Transform"}],"nm":"Ellipse 1","np":3,"cix":2,"bm":0,"ix":1,"mn":"ADBE Vector Group","hd":false}],"ip":0,"op":900.000036657751,"st":0,"bm":0}],"markers":[]}